name,aliases,note,birth_label,birth_calendar_era,birth_start_year,birth_end_year,birth_is_approximate,death_label,death_calendar_era,death_start_year,death_end_year,death_is_approximate,regions,religions,sects,periods
ムハンマド・イブン＝アブドゥッラーフ,Muhammad,Pantheon職業: Religious Figure / 出生国: Saudi Arabia / 出生地: Mecca,,CE,570,,false,,CE,632,,false,,,,
釈迦,The Buddha,Pantheon職業: Philosopher / 出生国: Nepal / 出生地: Lumbini,,BCE,566,,false,,BCE,452,,false,,,,
アイザック・ニュートン,Isaac Newton,Pantheon職業: Physicist / 出生国: United Kingdom / 出生地: Woolsthorpe-by-Colsterworth,,CE,1643,,false,,CE,1726,,false,,,,
チンギス・カン,Genghis Khan,Pantheon職業: Military Personnel / 出生国: Mongolia / 出生地: Khentii Mountains,,CE,1162,,false,,CE,1227,,false,,,,
クレオパトラ7世,Cleopatra,Pantheon職業: Politician / 出生国: Egypt / 出生地: Alexandria,,BCE,69,,false,,BCE,30,,false,,,,
マハトマ・ガンディー,Mahatma Gandhi,Pantheon職業: Social Activist / 出生国: India / 出生地: Porbandar,,CE,1869,,false,,CE,1948,,false,,,,
フランシスコ,Pope Francis,Pantheon職業: Religious Figure / 出生国: Argentina / 出生地: Buenos Aires,,CE,1936,,false,,CE,2025,,false,,,,
聖母マリア,Mary,Pantheon職業: Religious Figure / 出生国: Israel / 出生地: Herodian kingdom,,BCE,100,,false,,CE,100,,false,,,,
ルートヴィヒ・ヴァン・ベートーヴェン,Ludwig van Beethoven,Pantheon職業: Composer / 出生国: Germany / 出生地: Bonn,,CE,1770,,false,,CE,1827,,false,,,,
レオナルド・ダ・ヴィンチ,Leonardo da Vinci,Pantheon職業: Inventor / 出生国: Italy / 出生地: Anchiano,,CE,1452,,false,,CE,1519,,false,,,,
アリストテレス,Aristotle,Pantheon職業: Philosopher / 出生国: Greece / 出生地: Stagira (ancient city),,BCE,384,,false,,BCE,321,,false,,,,
マルコ・ポーロ,Marco Polo,Pantheon職業: Explorer / 出生国: Italy / 出生地: Venice,,CE,1254,,false,,CE,1324,,false,,,,
エリザベス1世,Elizabeth I of England,Pantheon職業: Politician / 出生国: United Kingdom / 出生地: Palace of Placentia,,CE,1533,,false,,CE,1603,,false,,,,
プラトン,Plato,Pantheon職業: Philosopher / 出生国: Greece / 出生地: Classical Athens,,BCE,427,,false,,BCE,347,,false,,,,
アレクサンドロス3世,Alexander the Great,Pantheon職業: Military Personnel / 出生国: Greece / 出生地: Pella,,BCE,356,,false,,BCE,323,,false,,,,
ペトロ,Saint Peter,Pantheon職業: Religious Figure / 出生地: Bethsaida,,BCE,1,,false,,CE,67,,false,,,,
ホメーロス,Homer,Pantheon職業: Writer / 出生国: Greece / 出生地: Chios,,BCE,800,,false,,BCE,750,,false,,,,
ヴォルフガング・アマデウス・モーツァルト,Wolfgang Amadeus Mozart,Pantheon職業: Composer / 出生国: Austria / 出生地: Mozart's birthplace,,CE,1756,,false,,CE,1791,,false,,,,
ナポレオン・ボナパルト,Napoleon,Pantheon職業: Politician / 出生国: France / 出生地: Ajaccio,,CE,1769,,false,,CE,1821,,false,,,,
ガリレオ・ガリレイ,Galileo Galilei,Pantheon職業: Astronomer / 出生国: Italy / 出生地: Pisa,,CE,1564,,false,,CE,1642,,false,,,,
アドルフ・ヒトラー,Adolf Hitler,Pantheon職業: Politician / 出生国: Austria / 出生地: Braunau am Inn,,CE,1889,,false,,CE,1945,,false,,,,
クリストファー・コロンブス,Christopher Columbus,Pantheon職業: Explorer / 出生国: Italy / 出生地: Genoa,,CE,1451,,false,,CE,1506,,false,,,,
ソクラテス,Socrates,Pantheon職業: Philosopher / 出生国: Greece / 出生地: Alopece,,BCE,470,,false,,BCE,399,,false,,,,
アルベルト・アインシュタイン,Albert Einstein,Pantheon職業: Physicist / 出生国: Germany / 出生地: Ulm,,CE,1879,,false,,CE,1955,,false,,,,
ヘンリー8世,Henry VIII of England,Pantheon職業: Nobleman / 出生国: United Kingdom / 出生地: Palace of Placentia,,CE,1491,,false,,CE,1547,,false,,,,
マリ・キュリー,Marie Curie,Pantheon職業: Physicist / 出生国: Poland / 出生地: Warsaw,,CE,1867,,false,,CE,1934,,false,,,,
イエス・キリスト,Jesus Christ,Pantheon職業: Religious Figure / 出生国: Israel / 出生地: Herodian kingdom,,BCE,4,,false,,CE,33,,false,,,,
ジミー・カーター,Jimmy Carter,"Pantheon職業: Politician / 出生国: United States / 出生地: Plains, Georgia",,CE,1924,,false,,CE,2024,,false,,,,
ベネディクト16世,Benedict XVI,Pantheon職業: Religious Figure / 出生国: Germany / 出生地: Marktl,,CE,1927,,false,,CE,2022,,false,,,,
ニコラウス・コペルニクス,Nicolaus Copernicus,Pantheon職業: Astronomer / 出生国: Poland / 出生地: Toruń,,CE,1473,,false,,CE,1543,,false,,,,
ガイウス・ユリウス・カエサル,Julius Caesar,Pantheon職業: Politician / 出生国: Italy / 出生地: Rome,,BCE,100,,false,,BCE,44,,false,,,,
孔子,Confucius,Pantheon職業: Philosopher / 出生国: China / 出生地: Qufu,,BCE,551,,false,,BCE,479,,false,,,,
ミケランジェロ・ブオナローティ,Michelangelo,Pantheon職業: Painter / 出生国: Italy / 出生地: Arezzo,,CE,1475,,false,,CE,1564,,false,,,,
アルキメデス,Archimedes,"Pantheon職業: Mathematician / 出生国: Italy / 出生地: Syracuse, Sicily",,BCE,287,,false,,BCE,212,,false,,,,
ピタゴラス,Pythagoras,Pantheon職業: Philosopher / 出生国: Greece / 出生地: Samos,,BCE,570,,false,,BCE,495,,false,,,,
フィンセント・ファン・ゴッホ,Vincent van Gogh,Pantheon職業: Painter / 出生国: Netherlands / 出生地: Zundert,,CE,1853,,false,,CE,1890,,false,,,,
モーセ,Moses,Pantheon職業: Religious Figure / 出生国: Egypt / 出生地: Land of Goshen,,BCE,1393,,false,,BCE,1273,,false,,,,
フョードル・ドストエフスキー,Fyodor Dostoyevsky,Pantheon職業: Writer / 出生国: Russia / 出生地: Moscow,,CE,1821,,false,,CE,1881,,false,,,,
トーマス・ジェファーソン,Thomas Jefferson,"Pantheon職業: Politician / 出生国: United States / 出生地: Shadwell, Virginia",,CE,1743,,false,,CE,1826,,false,,,,
チェ・ゲバラ,Che Guevara,Pantheon職業: Social Activist / 出生国: Argentina / 出生地: Rosario,,CE,1928,,false,,CE,1967,,false,,,,
ルイ14世,Louis XIV of France,Pantheon職業: Politician / 出生国: France / 出生地: Château de Saint-Germain-en-Laye,,CE,1638,,false,,CE,1715,,false,,,,
アダム・スミス,Adam Smith,Pantheon職業: Economist / 出生国: United Kingdom / 出生地: Kirkcaldy,,CE,1723,,false,,CE,1790,,false,,,,
マザー・テレサ,Mother Teresa,Pantheon職業: Social Activist / 出生国: North Macedonia / 出生地: Skopje,,CE,1910,,false,,CE,1997,,false,,,,
ヨハン・ゼバスティアン・バッハ,Johann Sebastian Bach,Pantheon職業: Composer / 出生国: Germany / 出生地: Eisenach,,CE,1685,,false,,CE,1750,,false,,,,
マルティン・ルター,Martin Luther,Pantheon職業: Religious Figure / 出生国: Germany / 出生地: Eisleben,,CE,1483,,false,,CE,1546,,false,,,,
フェルディナンド・マゼラン,Ferdinand Magellan,Pantheon職業: Explorer / 出生国: Portugal / 出生地: Kingdom of Portugal,,CE,1480,,false,,CE,1521,,false,,,,
ウィリアム・シェイクスピア,William Shakespeare,Pantheon職業: Writer / 出生国: United Kingdom / 出生地: Stratford-upon-Avon,,CE,1564,,false,,CE,1616,,false,,,,
ヨハネ・パウロ2世,John Paul II,Pantheon職業: Religious Figure / 出生国: Poland / 出生地: Wadowice,,CE,1920,,false,,CE,2005,,false,,,,
マーティン・ルーサー・キング・ジュニア,Martin Luther King Jr.,Pantheon職業: Social Activist / 出生国: United States / 出生地: Atlanta,,CE,1929,,false,,CE,1968,,false,,,,
フレデリック・ショパン,Frédéric Chopin,Pantheon職業: Composer / 出生国: Poland / 出生地: Żelazowa Wola,,CE,1810,,false,,CE,1849,,false,,,,
イマヌエル・カント,Immanuel Kant,Pantheon職業: Philosopher / 出生国: Russia / 出生地: Königsberg,,CE,1724,,false,,CE,1804,,false,,,,
カール・マルクス,Karl Marx,Pantheon職業: Economist / 出生国: Germany / 出生地: Trier,,CE,1818,,false,,CE,1883,,false,,,,
ヨシフ・スターリン,Joseph Stalin,"Pantheon職業: Politician / 出生国: Georgia / 出生地: Gori, Georgia",,CE,1879,,false,,CE,1953,,false,,,,
アクバル,Akbar,Pantheon職業: Politician / 出生国: Pakistan / 出生地: Umerkot,,CE,1542,,false,,CE,1605,,false,,,,
ダンテ・アリギエーリ,Dante Alighieri,Pantheon職業: Writer / 出生国: Italy / 出生地: Florence,,CE,1265,,false,,CE,1321,,false,,,,
ルネ・デカルト,René Descartes,"Pantheon職業: Philosopher / 出生国: France / 出生地: Descartes, Indre-et-Loire",,CE,1596,,false,,CE,1650,,false,,,,
イブン・スィーナー,Avicenna,Pantheon職業: Philosopher / 出生国: Uzbekistan / 出生地: Bukhara Region,,CE,980,,false,,CE,1037,,false,,,,
アウグストゥス,Augustus,Pantheon職業: Politician / 出生国: Italy / 出生地: Rome,,BCE,63,,false,,CE,14,,false,,,,
ゴットフリート・ライプニッツ,Gottfried Wilhelm Leibniz,Pantheon職業: Mathematician / 出生国: Germany / 出生地: Leipzig,,CE,1646,,false,,CE,1716,,false,,,,
ニコラ・テスラ,Nikola Tesla,"Pantheon職業: Inventor / 出生国: Croatia / 出生地: Smiljan, Croatia",,CE,1856,,false,,CE,1943,,false,,,,
老子,Laozi,Pantheon職業: Philosopher / 出生国: China / 出生地: Luyi County,,BCE,604,,false,,BCE,600,,false,,,,
パブロ・ピカソ,Pablo Picasso,Pantheon職業: Painter / 出生国: Spain / 出生地: Málaga,,CE,1881,,false,,CE,1973,,false,,,,
トーマス・エジソン,Thomas Edison,"Pantheon職業: Inventor / 出生国: United States / 出生地: Milan, Ohio",,CE,1847,,false,,CE,1931,,false,,,,
スレイマン1世,Suleiman the Magnificent,Pantheon職業: Politician / 出生国: Türkiye / 出生地: Trabzon,,CE,1494,,false,,CE,1566,,false,,,,
インディラ・ガンディー,Indira Gandhi,Pantheon職業: Politician / 出生国: India / 出生地: Prayagraj,,CE,1917,,false,,CE,1984,,false,,,,
ウラジーミル・レーニン,Vladimir Lenin,Pantheon職業: Politician / 出生国: Russia / 出生地: Ulyanovsk,,CE,1870,,false,,CE,1924,,false,,,,
チャールズ・ダーウィン,Charles Darwin,Pantheon職業: Biologist / 出生国: United Kingdom / 出生地: Shrewsbury,,CE,1809,,false,,CE,1882,,false,,,,
カール・フリードリヒ・ガウス,Carl Friedrich Gauss,Pantheon職業: Mathematician / 出生国: Germany / 出生地: Braunschweig,,CE,1777,,false,,CE,1855,,false,,,,
サラーフッディーン,Saladin,Pantheon職業: Politician / 出生国: Iraq / 出生地: Tikrit,,CE,1138,,false,,CE,1193,,false,,,,
パウロ,Paul the Apostle,"Pantheon職業: Religious Figure / 出生国: Türkiye / 出生地: Tarsus, Mersin",,CE,5,,false,,CE,66,,false,,,,
ジャン＝ジャック・ルソー,Jean-Jacques Rousseau,Pantheon職業: Philosopher / 出生国: Switzerland / 出生地: Geneva,,CE,1712,,false,,CE,1778,,false,,,,
ムスタファ・ケマル・アタテュルク,Mustafa Kemal Atatürk,Pantheon職業: Politician / 出生国: Greece / 出生地: Thessaloniki,,CE,1881,,false,,CE,1938,,false,,,,
クビライ,Kublai Khan,Pantheon職業: Politician / 出生国: China,,CE,1215,,false,,CE,1294,,false,,,,
ジークムント・フロイト,Sigmund Freud,Pantheon職業: Psychologist / 出生国: Czechia / 出生地: Příbor,,CE,1856,,false,,CE,1939,,false,,,,
ヴァスコ・ダ・ガマ,Vasco da Gama,Pantheon職業: Explorer / 出生国: Portugal / 出生地: Sines,,CE,1460,,false,,CE,1524,,false,,,,
ブレーズ・パスカル,Blaise Pascal,Pantheon職業: Mathematician / 出生国: France / 出生地: Clermont-Ferrand,,CE,1623,,false,,CE,1662,,false,,,,
ジャンヌ・ダルク,Joan of Arc,Pantheon職業: Military Personnel / 出生国: France / 出生地: Domrémy-la-Pucelle,,CE,1412,,false,,CE,1431,,false,,,,
アントニオ・ヴィヴァルディ,Antonio Vivaldi,Pantheon職業: Composer / 出生国: Italy / 出生地: Venice,,CE,1678,,false,,CE,1741,,false,,,,
ラファエロ・サンティ,Raphael,Pantheon職業: Painter / 出生国: Italy / 出生地: Urbino,,CE,1483,,false,,CE,1520,,false,,,,
始皇帝,Qin Shi Huang,Pantheon職業: Politician / 出生国: China / 出生地: Handan,,BCE,258,,false,,BCE,210,,false,,,,
ヨハン・ヴォルフガング・フォン・ゲーテ,Johann Wolfgang von Goethe,Pantheon職業: Writer / 出生国: Germany / 出生地: Free City of Frankfurt,,CE,1749,,false,,CE,1832,,false,,,,
ロバート・オッペンハイマー,Robert Oppenheimer,Pantheon職業: Physicist / 出生国: United States / 出生地: New York City,,CE,1904,,false,,CE,1967,,false,,,,
ナザレのヨセフ,Joseph,Pantheon職業: Religious Figure / 出生国: Israel / 出生地: Nazareth,,BCE,100,,false,,CE,100,,false,,,,
ティムール,Timur,Pantheon職業: Military Personnel / 出生国: Uzbekistan / 出生地: Shahrisabz,,CE,1336,,false,,CE,1405,,false,,,,
モハメド・アリ,Muhammad Ali,"Pantheon職業: Boxer / 出生国: United States / 出生地: Louisville, Kentucky",,CE,1942,,false,,CE,2016,,false,,,,
ジョージ6世,George VI,Pantheon職業: Politician / 出生国: United Kingdom / 出生地: York Cottage,,CE,1895,,false,,CE,1952,,false,,,,
J・R・R・トールキン,J. R. R. Tolkien,Pantheon職業: Writer / 出生国: South Africa / 出生地: Bloemfontein,,CE,1892,,false,,CE,1973,,false,,,,
フランツ・ヨーゼフ1世,Franz Joseph I of Austria,Pantheon職業: Politician / 出生国: Austria / 出生地: Schönbrunn Palace,,CE,1830,,false,,CE,1916,,false,,,,
バールーフ・デ・スピノザ,Benedictus de Spinoza,Pantheon職業: Philosopher / 出生国: Netherlands / 出生地: Amsterdam,,CE,1632,,false,,CE,1677,,false,,,,
フワーリズミー,Muḥammad ibn Musa al-Khwarizmi,Pantheon職業: Mathematician / 出生国: Turkmenistan / 出生地: Khwarazm,,CE,780,,false,,CE,850,,false,,,,
レンブラント・ファン・レイン,Rembrandt,Pantheon職業: Painter / 出生国: Netherlands / 出生地: Leiden,,CE,1606,,false,,CE,1669,,false,,,,
ヨハネス・グーテンベルク,Johannes Gutenberg,Pantheon職業: Inventor / 出生国: Germany / 出生地: Mainz,,CE,1394,,false,,CE,1468,,false,,,,
ルイ16世,Louis XVI of France,Pantheon職業: Politician / 出生国: France / 出生地: Palace of Versailles,,CE,1754,,false,,CE,1793,,false,,,,
ネルソン・マンデラ,Nelson Mandela,Pantheon職業: Social Activist / 出生国: South Africa / 出生地: Mvezo,,CE,1918,,false,,CE,2013,,false,,,,
ニッコロ・マキャヴェッリ,Niccolò Machiavelli,Pantheon職業: Philosopher / 出生国: Italy / 出生地: Florence,,CE,1469,,false,,CE,1527,,false,,,,
アンドルー・ジャクソン,Andrew Jackson,Pantheon職業: Politician / 出生国: United States / 出生地: Waxhaws,,CE,1767,,false,,CE,1845,,false,,,,
アウグスティヌス,Augustine of Hippo,Pantheon職業: Philosopher / 出生国: Algeria,,CE,354,,false,,CE,430,,false,,,,
エドガー・アラン・ポー,Edgar Allan Poe,Pantheon職業: Writer / 出生国: United States / 出生地: Boston,,CE,1809,,false,,CE,1849,,false,,,,
フランシス・ベーコン,Francis Bacon,"Pantheon職業: Philosopher / 出生国: United Kingdom / 出生地: Strand, London",,CE,1561,,false,,CE,1626,,false,,,,
ヒポクラテス,Hippocrates,Pantheon職業: Physician / 出生国: Greece / 出生地: Kos,,BCE,460,,false,,BCE,370,,false,,,,
フリードリヒ・ニーチェ,Friedrich Nietzsche,Pantheon職業: Philosopher / 出生国: Germany / 出生地: Röcken,,CE,1844,,false,,CE,1900,,false,,,,
カール・フォン・リンネ,Carl Linnaeus,Pantheon職業: Biologist / 出生国: Sweden / 出生地: Råshult,,CE,1707,,false,,CE,1778,,false,,,,
ハンス・クリスチャン・アンデルセン,Hans Christian Andersen,Pantheon職業: Writer / 出生国: Denmark / 出生地: Odense,,CE,1805,,false,,CE,1875,,false,,,,
ヘロドトス,Herodotus,Pantheon職業: Historian / 出生国: Türkiye / 出生地: Halicarnassus,,BCE,484,,false,,BCE,425,,false,,,,
エウクレイデス,Euclid,Pantheon職業: Mathematician / 出生国: Egypt / 出生地: Alexandria,,BCE,350,,false,,BCE,240,,false,,,,
アブラハム,Abraham,Pantheon職業: Religious Figure / 出生国: Iraq,,BCE,1813,,false,,BCE,1638,,false,,,,
サルバドール・ダリ,Salvador Dalí,Pantheon職業: Painter / 出生国: Spain / 出生地: Figueres,,CE,1904,,false,,CE,1989,,false,,,,
チャールズ1世 (イングランド王),Charles I of England,Pantheon職業: Politician / 出生国: United Kingdom / 出生地: Dunfermline Palace,,CE,1600,,false,,CE,1649,,false,,,,
チャールズ・チャップリン,Charlie Chaplin,Pantheon職業: Actor / 出生国: United Kingdom / 出生地: Walworth,,CE,1889,,false,,CE,1977,,false,,,,
カール大帝,Charlemagne,Pantheon職業: Politician / 出生国: Germany / 出生地: Aachen,,CE,748,,false,,CE,814,,false,,,,
ジョージ5世,George V,Pantheon職業: Politician / 出生国: United Kingdom / 出生地: Marlborough House,,CE,1865,,false,,CE,1936,,false,,,,
ジェームズ1世 (イングランド王),James VI and I,Pantheon職業: Politician / 出生国: United Kingdom / 出生地: Edinburgh Castle,,CE,1566,,false,,CE,1625,,false,,,,
レフ・トルストイ,Leo Tolstoy,Pantheon職業: Writer / 出生国: Russia / 出生地: Yasnaya Polyana,,CE,1828,,false,,CE,1910,,false,,,,
ヨハネ・パウロ1世,John Paul I,Pantheon職業: Religious Figure / 出生国: Italy / 出生地: Canale d'Agordo,,CE,1912,,false,,CE,1978,,false,,,,
コンモドゥス,Commodus,Pantheon職業: Politician / 出生国: Italy / 出生地: Lanuvium,,CE,161,,false,,CE,192,,false,,,,
レオナルド・フィボナッチ,Fibonacci,Pantheon職業: Mathematician / 出生国: Italy / 出生地: Pisa,,CE,1170,,false,,CE,1240,,false,,,,
エリザベス2世,Elizabeth II,Pantheon職業: Nobleman / 出生国: United Kingdom / 出生地: Mayfair,,CE,1926,,false,,CE,2022,,false,,,,
エドワード7世,Edward VII,Pantheon職業: Nobleman / 出生国: United Kingdom / 出生地: Buckingham Palace,,CE,1841,,false,,CE,1910,,false,,,,
エドワード6世,Edward VI of England,Pantheon職業: Politician / 出生国: United Kingdom / 出生地: Hampton Court Palace,,CE,1537,,false,,CE,1553,,false,,,,
フランツ・カフカ,Franz Kafka,Pantheon職業: Writer / 出生国: Czechia / 出生地: Prague,,CE,1883,,false,,CE,1924,,false,,,,
エリーザベト,Empress Elisabeth of Austria,Pantheon職業: Companion / 出生国: Germany / 出生地: Munich,,CE,1837,,false,,CE,1898,,false,,,,
ヴィクトル・ユーゴー,Victor Hugo,Pantheon職業: Writer / 出生国: France / 出生地: Besançon,,CE,1802,,false,,CE,1885,,false,,,,
アルブレヒト・デューラー,Albrecht Dürer,Pantheon職業: Painter / 出生国: Germany / 出生地: Nuremberg,,CE,1471,,false,,CE,1528,,false,,,,
メフメト2世,Mehmed II,Pantheon職業: Politician / 出生国: Türkiye / 出生地: Edirne,,CE,1432,,false,,CE,1481,,false,,,,
ヴォルテール,Voltaire,Pantheon職業: Writer / 出生国: France / 出生地: Paris,,CE,1694,,false,,CE,1778,,false,,,,
黄現璠,Huang Xianfan,Pantheon職業: Politician / 出生国: China / 出生地: Fusui County,,CE,1899,,false,,CE,1982,,false,,,,
ソロモン,Solomon,Pantheon職業: Religious Figure / 出生地: Palestine (region),,BCE,1011,,false,,BCE,931,,false,,,,
ピョートル・チャイコフスキー,Pyotr Ilyich Tchaikovsky,Pantheon職業: Composer / 出生国: Russia / 出生地: Votkinsk,,CE,1840,,false,,CE,1893,,false,,,,
ジェイムズ・ジョイス,James Joyce,Pantheon職業: Writer / 出生国: Ireland / 出生地: Rathgar,,CE,1882,,false,,CE,1941,,false,,,,
ソポクレス,Sophocles,Pantheon職業: Writer / 出生国: Greece / 出生地: Colonus (Attica),,BCE,497,,false,,BCE,406,,false,,,,
アリー・イブン・アビー・ターリブ,Alī ibn Abī Ṭālib,Pantheon職業: Religious Figure / 出生国: Saudi Arabia / 出生地: Mecca,,CE,601,,false,,CE,661,,false,,,,
ウィリアム・マッキンリー,William McKinley,"Pantheon職業: Politician / 出生国: United States / 出生地: Niles, Ohio",,CE,1843,,false,,CE,1901,,false,,,,
ジュゼッペ・ヴェルディ,Giuseppe Verdi,Pantheon職業: Composer / 出生国: Italy / 出生地: Le Roncole,,CE,1813,,false,,CE,1901,,false,,,,
ウマル・イブン・ハッターブ,Umar ibn Al-Khattāb,Pantheon職業: Politician / 出生国: Saudi Arabia / 出生地: Mecca,,CE,585,,false,,CE,644,,false,,,,
ルイ・パスツール,Louis Pasteur,"Pantheon職業: Chemist / 出生国: France / 出生地: Dole, Jura",,CE,1822,,false,,CE,1895,,false,,,,
ヨハネス・ケプラー,Johannes Kepler,Pantheon職業: Astronomer / 出生国: Germany / 出生地: Weil der Stadt,,CE,1571,,false,,CE,1630,,false,,,,
エドワード8世 (イギリス王),Edward VIII,"Pantheon職業: Politician / 出生国: United Kingdom / 出生地: White Lodge, Richmond Park",,CE,1894,,false,,CE,1972,,false,,,,
ユリシーズ・グラント,Ulysses S. Grant,"Pantheon職業: Politician / 出生国: United States / 出生地: Point Pleasant, Ohio",,CE,1822,,false,,CE,1885,,false,,,,
フリーダ・カーロ,Frida Kahlo,Pantheon職業: Painter / 出生国: Mexico / 出生地: Mexico City,,CE,1907,,false,,CE,1954,,false,,,,
ジョージ3世 (イギリス王),George III of Great Britain,Pantheon職業: Politician / 出生国: United Kingdom / 出生地: Norfolk House,,CE,1738,,false,,CE,1820,,false,,,,
金日成,Kim Il-sung,Pantheon職業: Politician / 出生国: South Korea / 出生地: Korea under Japanese rule,,CE,1912,,false,,CE,1994,,false,,,,
アンデレ,Andrew the Apostle,Pantheon職業: Religious Figure / 出生地: Bethsaida,,BCE,6,,false,,CE,70,,false,,,,
アブー＝バクル,Hazrat Abu Bakr,Pantheon職業: Religious Figure / 出生国: Saudi Arabia / 出生地: Mecca,,CE,573,,false,,CE,634,,false,,,,
洗礼者ヨハネ,John the Baptist,Pantheon職業: Religious Figure / 出生国: Israel / 出生地: Ein Kerem,,BCE,20,,false,,CE,31,,false,,,,
タレス,Thales,Pantheon職業: Philosopher / 出生国: Türkiye / 出生地: Miletus,,BCE,623,,false,,BCE,546,,false,,,,
ヘラクレイトス,Heraclitus,Pantheon職業: Philosopher / 出生国: Türkiye / 出生地: Ephesus,,BCE,535,,false,,BCE,470,,false,,,,
コンスタンティヌス1世,Constantine the Great,Pantheon職業: Politician / 出生国: Serbia / 出生地: Niš,,CE,272,,false,,CE,337,,false,,,,
ダビデ,David,Pantheon職業: Politician / 出生地: Bethlehem,,BCE,1010,,false,,BCE,970,,false,,,,
ゲオルク・フリードリヒ・ヘンデル,George Frideric Handel,Pantheon職業: Composer / 出生国: Germany / 出生地: Halle (Saale),,CE,1685,,false,,CE,1759,,false,,,,
ジェーン・グレイ,Lady Jane Grey,Pantheon職業: Nobleman / 出生国: United Kingdom / 出生地: Bradgate Park,,CE,1537,,false,,CE,1554,,false,,,,
マーティン・ヴァン・ビューレン,Martin Van Buren,"Pantheon職業: Politician / 出生国: United States / 出生地: Kinderhook (village), New York",,CE,1782,,false,,CE,1862,,false,,,,
アルフレッド・ノーベル,Alfred Nobel,Pantheon職業: Chemist / 出生国: Sweden / 出生地: Stockholm,,CE,1833,,false,,CE,1896,,false,,,,
スティーブ・ジョブズ,Steve Jobs,Pantheon職業: Designer / 出生国: United States / 出生地: San Francisco,,CE,1955,,false,,CE,2011,,false,,,,
ツタンカーメン,TutanKhamun,Pantheon職業: Religious Figure / 出生国: Egypt / 出生地: Amarna,,BCE,1341,,false,,BCE,1323,,false,,,,
ヨーゼフ・ゲッベルス,Joseph Goebbels,Pantheon職業: Politician / 出生国: Germany / 出生地: Rheydt,,CE,1897,,false,,CE,1945,,false,,,,
ウィンストン・チャーチル,Winston Churchill,Pantheon職業: Politician / 出生国: United Kingdom / 出生地: Blenheim Palace,,CE,1874,,false,,CE,1965,,false,,,,
トマス・アクィナス,Thomas Aquinas,Pantheon職業: Philosopher / 出生国: Italy / 出生地: Roccasecca,,CE,1225,,false,,CE,1274,,false,,,,
毛沢東,Mao Zedong,Pantheon職業: Politician / 出生国: China / 出生地: Shaoshan,,CE,1893,,false,,CE,1976,,false,,,,
クロード・モネ,Claude Monet,Pantheon職業: Painter / 出生国: France / 出生地: Paris,,CE,1840,,false,,CE,1926,,false,,,,
オットー・フォン・ビスマルク,Otto von Bismarck,Pantheon職業: Politician / 出生国: Germany / 出生地: Schönhausen,,CE,1815,,false,,CE,1898,,false,,,,
チャールズ2世 (イングランド王),Charles II of England,Pantheon職業: Politician / 出生国: United Kingdom / 出生地: St James's Palace,,CE,1630,,false,,CE,1685,,false,,,,
ジョルダーノ・ブルーノ,Giordano Bruno,Pantheon職業: Astronomer / 出生国: Italy / 出生地: Nola,,CE,1548,,false,,CE,1600,,false,,,,
マリリン・モンロー,Marilyn Monroe,Pantheon職業: Actor / 出生国: United States / 出生地: Los Angeles,,CE,1926,,false,,CE,1962,,false,,,,
レオ13世,Leo XIII,Pantheon職業: Religious Figure / 出生国: Italy / 出生地: Rome,,CE,1810,,false,,CE,1903,,false,,,,
ジェームズ・ワット,James Watt,Pantheon職業: Inventor / 出生国: United Kingdom / 出生地: Greenock,,CE,1736,,false,,CE,1819,,false,,,,
ヴィルヘルム2世,Wilhelm II,Pantheon職業: Politician / 出生国: Germany / 出生地: Kronprinzenpalais,,CE,1859,,false,,CE,1941,,false,,,,
アロン,Aaron,Pantheon職業: Religious Figure / 出生国: Jordan,,BCE,1396,,false,,BCE,1274,,false,,,,
ディオゲネス,Diogenes of Sinope,Pantheon職業: Philosopher / 出生国: Türkiye / 出生地: Paphlagonia,,BCE,404,,false,,BCE,322,,false,,,,
ヤコブ,Jacob,Pantheon職業: Religious Figure / 出生地: Canaan,,BCE,1653,,false,,BCE,1506,,false,,,,
アン (イギリス女王),Anne of Great Britain,Pantheon職業: Politician / 出生国: United Kingdom / 出生地: St James's Palace,,CE,1665,,false,,CE,1714,,false,,,,
ベニート・ムッソリーニ,Benito Mussolini,Pantheon職業: Politician / 出生国: Italy / 出生地: Predappio,,CE,1883,,false,,CE,1945,,false,,,,
スティーヴン・ホーキング,Stephen Hawking,Pantheon職業: Physicist / 出生国: United Kingdom / 出生地: Oxford,,CE,1942,,false,,CE,2018,,false,,,,
デジデリウス・エラスムス,Erasmus,Pantheon職業: Philosopher / 出生国: Netherlands / 出生地: Rotterdam,,CE,1466,,false,,CE,1536,,false,,,,
ジュール・ヴェルヌ,Jules Verne,Pantheon職業: Writer / 出生国: France / 出生地: Nantes,,CE,1828,,false,,CE,1905,,false,,,,
マタイ,Matthew the Apostle,Pantheon職業: Religious Figure / 出生国: Israel / 出生地: Capernaum,,CE,10,,false,,CE,74,,false,,,,
フランツ・ヨーゼフ・ハイドン,Joseph Haydn,"Pantheon職業: Composer / 出生国: Austria / 出生地: Rohrau, Austria",,CE,1732,,false,,CE,1809,,false,,,,
ジョン,"John, King of England",Pantheon職業: Politician / 出生国: United Kingdom / 出生地: Beaumont Palace,,CE,1166,,false,,CE,1216,,false,,,,
ピーテル・パウル・ルーベンス,Peter Paul Rubens,Pantheon職業: Painter / 出生国: Germany / 出生地: Siegen,,CE,1577,,false,,CE,1640,,false,,,,
ゲオルク・ヴィルヘルム・フリードリヒ・ヘーゲル,Georg Wilhelm Friedrich Hegel,Pantheon職業: Philosopher / 出生国: Germany / 出生地: Stuttgart,,CE,1770,,false,,CE,1831,,false,,,,
レイフ・エリクソン,Leif Erikson,Pantheon職業: Explorer / 出生国: Iceland / 出生地: Icelandic Commonwealth,,CE,970,,false,,CE,1020,,false,,,,
マルクス・トゥッリウス・キケロ,Cicero,Pantheon職業: Politician / 出生国: Italy,,BCE,106,,false,,BCE,43,,false,,,,
ミラのニコラオス,Saint Nicholas,Pantheon職業: Religious Figure / 出生国: Türkiye / 出生地: Patara (Lycia),,CE,270,,false,,CE,342,,false,,,,
リヒャルト・ワーグナー,Richard Wagner,Pantheon職業: Composer / 出生国: Germany / 出生地: Leipzig,,CE,1813,,false,,CE,1883,,false,,,,
カール・ベンツ,Carl Benz,Pantheon職業: Inventor / 出生国: Germany / 出生地: Mühlburg,,CE,1844,,false,,CE,1929,,false,,,,
リチャード3世,Richard III of England,Pantheon職業: Politician / 出生国: United Kingdom / 出生地: Fotheringhay Castle,,CE,1452,,false,,CE,1485,,false,,,,
アーイシャ,Aisha,Pantheon職業: Companion / 出生国: Saudi Arabia / 出生地: Mecca,,CE,605,,false,,CE,678,,false,,,,
ウェルギリウス,Virgil,"Pantheon職業: Writer / 出生国: Italy / 出生地: Virgilio, Lombardy",,BCE,70,,false,,BCE,19,,false,,,,
パウロ6世,Paul VI,Pantheon職業: Religious Figure / 出生国: Italy / 出生地: Milan,,CE,1897,,false,,CE,1978,,false,,,,
クヌート1世 (イングランド王),Cnut the Great,Pantheon職業: Politician / 出生国: Denmark,,CE,995,,false,,CE,1035,,false,,,,
ヨハネ23世,John XXIII,Pantheon職業: Religious Figure / 出生国: Italy / 出生地: Sotto il Monte Giovanni XXIII,,CE,1881,,false,,CE,1963,,false,,,,
クセルクセス1世,Xerxes I,Pantheon職業: Politician / 出生国: Iran,,BCE,519,,false,,BCE,475,,false,,,,
ニコライ2世,Nicholas II of Russia,Pantheon職業: Politician / 出生国: Russia / 出生地: Alexander Palace,,CE,1868,,false,,CE,1918,,false,,,,
ジョン・ロック,John Locke,Pantheon職業: Philosopher / 出生国: United Kingdom / 出生地: Wrington,,CE,1632,,false,,CE,1704,,false,,,,
ペレ,Pelé,Pantheon職業: Soccer Player / 出生国: Brazil / 出生地: Três Corações,,CE,1940,,false,,CE,2022,,false,,,,
アンナ,Saint Anne,Pantheon職業: Religious Figure / 出生地: Bethlehem,,BCE,100,,false,,CE,100,,false,,,,
ヘンリー・キッシンジャー,Henry Kissinger,Pantheon職業: Politician / 出生国: Germany / 出生地: Fürth,,CE,1923,,false,,CE,2023,,false,,,,
エイブラハム・リンカーン,Abraham Lincoln,Pantheon職業: Politician / 出生国: United States / 出生地: Abraham Lincoln Birthplace National Historical Park,,CE,1809,,false,,CE,1865,,false,,,,
モリエール,Molière,Pantheon職業: Writer / 出生国: France / 出生地: Paris,,CE,1622,,false,,CE,1673,,false,,,,
エイダ・ラブレス,Ada Lovelace,Pantheon職業: Mathematician / 出生国: United Kingdom / 出生地: London,,CE,1815,,false,,CE,1852,,false,,,,
ジェームズ・ポーク,James K. Polk,"Pantheon職業: Politician / 出生国: United States / 出生地: Pineville, North Carolina",,CE,1795,,false,,CE,1849,,false,,,,
ウィリアム3世 (イングランド王),William III of England,Pantheon職業: Politician / 出生国: Netherlands / 出生地: Binnenhof,,CE,1650,,false,,CE,1702,,false,,,,
フランツ・シューベルト,Franz Schubert,Pantheon職業: Composer / 出生国: Austria / 出生地: Alsergrund,,CE,1797,,false,,CE,1828,,false,,,,
アッシジのフランチェスコ,Francis of Assisi,Pantheon職業: Religious Figure / 出生国: Italy / 出生地: Perugia,,CE,1182,,false,,CE,1226,,false,,,,
ジェームズ2世 (イングランド王),James II of England,Pantheon職業: Politician / 出生国: United Kingdom / 出生地: St James's Palace,,CE,1633,,false,,CE,1701,,false,,,,
ピウス12世,Pius XII,Pantheon職業: Religious Figure / 出生国: Italy / 出生地: Rome,,CE,1876,,false,,CE,1958,,false,,,,
グナエウス・ポンペイウス,Pompey,Pantheon職業: Politician / 出生国: Italy / 出生地: Roman Italy,,BCE,106,,false,,BCE,48,,false,,,,
ダレイオス1世,Darius I,Pantheon職業: Politician / 出生国: Georgia / 出生地: Caucasus,,BCE,550,,false,,BCE,486,,false,,,,
ミハイル・ゴルバチョフ,Mikhail Gorbachev,"Pantheon職業: Politician / 出生国: Russia / 出生地: Privolnoye, Stavropol Krai",,CE,1931,,false,,CE,2022,,false,,,,
ミゲル・デ・セルバンテス,Miguel de Cervantes,Pantheon職業: Writer / 出生国: Spain / 出生地: Alcalá de Henares,,CE,1547,,false,,CE,1616,,false,,,,
レオンハルト・オイラー,Leonhard Euler,Pantheon職業: Mathematician / 出生国: Switzerland / 出生地: Basel,,CE,1707,,false,,CE,1783,,false,,,,
金正日,Kim Jong-il,"Pantheon職業: Politician / 出生国: Russia / 出生地: Vyatskoye, Khabarovsk Krai",,CE,1941,,false,,CE,2011,,false,,,,
ボブ・マーリー,Bob Marley,"Pantheon職業: Musician / 出生国: Jamaica / 出生地: Nine Mile, Jamaica",,CE,1945,,false,,CE,1981,,false,,,,
ミケランジェロ・メリージ・ダ・カラヴァッジオ,Caravaggio,Pantheon職業: Painter / 出生国: Italy / 出生地: Milan,,CE,1571,,false,,CE,1610,,false,,,,
エルヴィス・プレスリー,Elvis Presley,"Pantheon職業: Singer / 出生国: United States / 出生地: Tupelo, Mississippi",,CE,1935,,false,,CE,1977,,false,,,,
ゲオルギオス,Saint George,Pantheon職業: Religious Figure / 出生国: Türkiye / 出生地: Cappadocia (Roman province),,CE,280,,false,,CE,303,,false,,,,
ピウス9世,Pius IX,Pantheon職業: Religious Figure / 出生国: Italy / 出生地: Senigallia,,CE,1792,,false,,CE,1878,,false,,,,
アルトゥル・ショーペンハウアー,Arthur Schopenhauer,Pantheon職業: Philosopher / 出生国: Poland / 出生地: Gdańsk,,CE,1788,,false,,CE,1860,,false,,,,
カール5世 (神聖ローマ皇帝),Charles V,Pantheon職業: Politician / 出生国: Belgium / 出生地: Prinsenhof (Ghent),,CE,1500,,false,,CE,1558,,false,,,,
シャルル・ド・モンテスキュー,Montesquieu,Pantheon職業: Philosopher / 出生国: France / 出生地: Château de la Brède,,CE,1689,,false,,CE,1755,,false,,,,
アッティラ,Attila,Pantheon職業: Politician / 出生国: Georgia / 出生地: Caucasus,,CE,406,,false,,CE,453,,false,,,,
マリア・テレジア,Maria Theresa of Austria,Pantheon職業: Politician / 出生国: Austria / 出生地: Vienna,,CE,1717,,false,,CE,1780,,false,,,,
マリー・アントワネット,Marie Antoinette,Pantheon職業: Nobleman / 出生国: Austria / 出生地: Hofburg,,CE,1755,,false,,CE,1793,,false,,,,
フランシスコ・デ・ゴヤ,Francisco Goya,Pantheon職業: Painter / 出生国: Spain,,CE,1746,,false,,CE,1828,,false,,,,
オスマン1世,Osman I,Pantheon職業: Politician / 出生国: Türkiye / 出生地: Söğüt,,CE,1254,,false,,CE,1327,,false,,,,
マルクス・アウレリウス・アントニヌス,Marcus Aurelius,Pantheon職業: Politician / 出生国: Italy / 出生地: Rome,,CE,121,,false,,CE,180,,false,,,,
マクシミリアン・ロベスピエール,Maximilien Robespierre,Pantheon職業: Politician / 出生国: France / 出生地: Arras,,CE,1758,,false,,CE,1794,,false,,,,
イーゴリ・ストラヴィンスキー,Igor Stravinsky,"Pantheon職業: Composer / 出生国: Russia / 出生地: Lomonosov, Russia",,CE,1882,,false,,CE,1971,,false,,,,
グスタフ・マーラー,Gustav Mahler,Pantheon職業: Composer / 出生国: Czechia / 出生地: Kaliště (Pelhřimov District),,CE,1860,,false,,CE,1911,,false,,,,
ジャン＝ポール・サルトル,Jean-Paul Sartre,Pantheon職業: Writer / 出生国: France / 出生地: Paris,,CE,1905,,false,,CE,1980,,false,,,,
ヨハネス・フェルメール,Johannes Vermeer,Pantheon職業: Painter / 出生国: Netherlands / 出生地: Delft,,CE,1632,,false,,CE,1675,,false,,,,
ネフェルティティ,Nefertiti,"Pantheon職業: Companion / 出生国: Egypt / 出生地: Thebes, Egypt",,BCE,1400,,false,,BCE,1330,,false,,,,
T・S・エリオット,T. S. Eliot,Pantheon職業: Writer / 出生国: United States / 出生地: St. Louis,,CE,1888,,false,,CE,1965,,false,,,,
サンドロ・ボッティチェッリ,Sandro Botticelli,Pantheon職業: Painter / 出生国: Italy / 出生地: Florence,,CE,1445,,false,,CE,1510,,false,,,,
マンサ・ムーサ,Mansa Musa,Pantheon職業: Politician / 出生国: Mali,,CE,1280,,false,,CE,1337,,false,,,,
マックス・ヴェーバー,Max Weber,Pantheon職業: Sociologist / 出生国: Germany / 出生地: Erfurt,,CE,1864,,false,,CE,1920,,false,,,,
ユーリイ・ガガーリン,Yuri Gagarin,Pantheon職業: Astronaut / 出生国: Russia / 出生地: Klushino,,CE,1934,,false,,CE,1968,,false,,,,
ハーフィズ・アル＝アサド,Hafez al-Assad,Pantheon職業: Politician / 出生国: Syria / 出生地: Latakia,,CE,1930,,false,,CE,2000,,false,,,,
ネロ,Nero,Pantheon職業: Politician / 出生国: Italy,,CE,37,,false,,CE,68,,false,,,,
エドヴァルド・ムンク,Edvard Munch,Pantheon職業: Painter / 出生国: Norway / 出生地: Ådalsbruk,,CE,1863,,false,,CE,1944,,false,,,,
ヴィルヘルム・レントゲン,Wilhelm Röntgen,Pantheon職業: Physicist / 出生国: Germany / 出生地: Remscheid,,CE,1845,,false,,CE,1923,,false,,,,
ジュゼッペ・ガリバルディ,Giuseppe Garibaldi,Pantheon職業: Politician / 出生国: France / 出生地: Nice,,CE,1807,,false,,CE,1882,,false,,,,
クラウディオス・プトレマイオス,Ptolemy,Pantheon職業: Astronomer / 出生国: Egypt / 出生地: Ptolemais Hermiou,,CE,100,,false,,CE,170,,false,,,,
フランツ2世,"Francis II, Holy Roman Emperor",Pantheon職業: Politician / 出生国: Italy / 出生地: Florence,,CE,1768,,false,,CE,1835,,false,,,,
ヘンリー6世,Henry VI of England,Pantheon職業: Politician / 出生国: United Kingdom / 出生地: Windsor Castle,,CE,1421,,false,,CE,1471,,false,,,,
フレディ・マーキュリー,Freddie Mercury,Pantheon職業: Musician / 出生国: Tanzania / 出生地: Stone Town,,CE,1946,,false,,CE,1991,,false,,,,
ディエゴ・ベラスケス,Diego Velázquez,Pantheon職業: Painter / 出生国: Spain / 出生地: Seville,,CE,1599,,false,,CE,1660,,false,,,,
ルイ15世,Louis XV of France,Pantheon職業: Politician / 出生国: France / 出生地: Palace of Versailles,,CE,1710,,false,,CE,1774,,false,,,,
ドミトリ・メンデレーエフ,Dmitri Mendeleev,Pantheon職業: Chemist / 出生国: Russia / 出生地: Tobolsk Governorate,,CE,1834,,false,,CE,1907,,false,,,,
アントニ・ガウディ,Antoni Gaudí,Pantheon職業: Architect / 出生国: Spain / 出生地: Reus,,CE,1852,,false,,CE,1926,,false,,,,
ウィリアム4世,William IV,Pantheon職業: Politician / 出生国: United Kingdom / 出生地: Buckingham Palace,,CE,1765,,false,,CE,1837,,false,,,,
エドワード4世,Edward IV of England,Pantheon職業: Politician / 出生国: France / 出生地: Rouen,,CE,1442,,false,,CE,1483,,false,,,,
キュロス2世,Cyrus the Great,Pantheon職業: Politician / 出生国: Iran / 出生地: Anshan (Persia),,BCE,600,,false,,BCE,530,,false,,,,
ピョートル1世,Peter the Great,Pantheon職業: Politician / 出生国: Russia / 出生地: Moscow,,CE,1672,,false,,CE,1725,,false,,,,
ムハンマド・アリー・ジンナー,Mohammad Ali Jinnah,Pantheon職業: Politician / 出生国: Pakistan / 出生地: Karachi,,CE,1876,,false,,CE,1948,,false,,,,
オウィディウス,Ovid,Pantheon職業: Writer / 出生国: Italy / 出生地: Sulmona,,BCE,43,,false,,CE,17,,false,,,,
デモクリトス,Democritus,"Pantheon職業: Philosopher / 出生国: Greece / 出生地: Abdera, Thrace",,BCE,460,,false,,BCE,360,,false,,,,
ル・コルビュジエ,Le Corbusier,Pantheon職業: Architect / 出生国: Switzerland / 出生地: La Chaux-de-Fonds,,CE,1887,,false,,CE,1965,,false,,,,
ハイレ・セラシエ1世,Haile Selassie I,Pantheon職業: Politician / 出生国: Ethiopia / 出生地: Ejersa Goro,,CE,1892,,false,,CE,1975,,false,,,,
ハンムラビ,Hammurabi,Pantheon職業: Politician / 出生国: Iraq,,BCE,1810,,false,,BCE,1750,,false,,,,
アレクサンドル・デュマ・ペール,Alexandre Dumas,Pantheon職業: Writer / 出生国: France / 出生地: Villers-Cotterêts,,CE,1802,,false,,CE,1870,,false,,,,
ヤコブ,St. James the Elder,Pantheon職業: Religious Figure / 出生地: Bethsaida,,CE,1,,false,,CE,44,,false,,,,
ルキウス・アンナエウス・セネカ,Seneca,"Pantheon職業: Philosopher / 出生国: Spain / 出生地: Córdoba, Spain",,BCE,4,,false,,CE,65,,false,,,,
アルベール・カミュ,Albert Camus,Pantheon職業: Writer / 出生国: Algeria / 出生地: Dréan,,CE,1913,,false,,CE,1960,,false,,,,
イブン・ハルドゥーン,Ibn Khaldun,Pantheon職業: Historian / 出生国: Tunisia / 出生地: Tunis,,CE,1332,,false,,CE,1406,,false,,,,
ヘーシオドス,Hesiod,Pantheon職業: Writer / 出生国: Türkiye / 出生地: Cyme (Aeolis),,BCE,800,,false,,BCE,700,,false,,,,
シャルル・ド・ゴール,Charles de Gaulle,Pantheon職業: Military Personnel / 出生国: France / 出生地: Lille,,CE,1890,,false,,CE,1970,,false,,,,
ウマル・ハイヤーム,Omar Khayyám,Pantheon職業: Mathematician / 出生国: Iran / 出生地: Nishapur,,CE,1048,,false,,CE,1131,,false,,,,
アントン・チェーホフ,Anton Chekhov,Pantheon職業: Writer / 出生国: Russia / 出生地: Taganrog,,CE,1860,,false,,CE,1904,,false,,,,
ピウス11世,Pius XI,Pantheon職業: Religious Figure / 出生国: Italy / 出生地: Milan,,CE,1857,,false,,CE,1939,,false,,,,
エピクロス,Epicurus,Pantheon職業: Philosopher / 出生国: Greece / 出生地: Samos,,BCE,341,,false,,BCE,269,,false,,,,
ホー・チ・ミン,Ho Chi Minh,"Pantheon職業: Politician / 出生国: Vietnam / 出生地: Kim Liên, Nghệ An",,CE,1890,,false,,CE,1969,,false,,,,
ノストラダムス,Nostradamus,Pantheon職業: Occultist / 出生国: France / 出生地: Saint-Rémy-de-Provence,,CE,1503,,false,,CE,1566,,false,,,,
ジャラール・ウッディーン・ルーミー,Rumi,Pantheon職業: Writer / 出生国: Afghanistan / 出生地: Balkh,,CE,1207,,false,,CE,1273,,false,,,,
イサク,Isaac,Pantheon職業: Religious Figure / 出生国: Israel / 出生地: Canaan,,BCE,1900,,false,,BCE,1533,,false,,,,
ラムセス2世,Ramesses II,Pantheon職業: Nobleman / 出生国: Israel,,BCE,1303,,false,,BCE,1213,,false,,,,
オゴデイ,Ögedei Khan,Pantheon職業: Politician,,CE,1185,,false,,CE,1241,,false,,,,
ハンニバル,Hannibal,Pantheon職業: Politician / 出生国: Tunisia / 出生地: Carthage,,BCE,247,,false,,BCE,183,,false,,,,
エカチェリーナ2世,Catherine II of Russia,Pantheon職業: Nobleman / 出生国: Poland / 出生地: Szczecin,,CE,1729,,false,,CE,1796,,false,,,,
ペトラルカ,Petrarch,Pantheon職業: Writer / 出生国: Italy / 出生地: Arezzo,,CE,1304,,false,,CE,1374,,false,,,,
グレース・ケリー,Grace Kelly,Pantheon職業: Actor / 出生国: United States / 出生地: Philadelphia,,CE,1929,,false,,CE,1982,,false,,,,
ソロン,Solon,Pantheon職業: Politician / 出生国: Greece / 出生地: Athens,,BCE,638,,false,,BCE,558,,false,,,,
クフ,Khufu,Pantheon職業: Architect / 出生国: Egypt / 出生地: Cairo,,BCE,2700,,false,,BCE,2570,,false,,,,
ジョージ4世 (イギリス王),George IV of the United Kingdom,Pantheon職業: Politician / 出生国: United Kingdom / 出生地: St James's Palace,,CE,1762,,false,,CE,1830,,false,,,,
ハディージャ・ビント・フワイリド,Khadija bint Khuwaylid,Pantheon職業: Companion / 出生国: Saudi Arabia / 出生地: Mecca,,CE,556,,false,,CE,619,,false,,,,
アメリゴ・ヴェスプッチ,Amerigo Vespucci,Pantheon職業: Explorer / 出生国: Italy / 出生地: Republic of Florence,,CE,1454,,false,,CE,1512,,false,,,,
リチャード1世,Richard I of England,Pantheon職業: Politician / 出生国: United Kingdom / 出生地: Beaumont Palace,,CE,1157,,false,,CE,1199,,false,,,,
ヨシップ・ブロズ・チトー,Josip Broz Tito,Pantheon職業: Politician / 出生国: Croatia / 出生地: Kumrovec,,CE,1892,,false,,CE,1980,,false,,,,
ファーティマ,Fatima,Pantheon職業: Companion / 出生国: Saudi Arabia / 出生地: Mecca,,CE,604,,false,,CE,632,,false,,,,
マルコム・X,Malcolm X,"Pantheon職業: Social Activist / 出生国: United States / 出生地: Omaha, Nebraska",,CE,1925,,false,,CE,1965,,false,,,,
オノレ・ド・バルザック,Honoré de Balzac,Pantheon職業: Writer / 出生国: France / 出生地: Tours,,CE,1799,,false,,CE,1850,,false,,,,
ヴラド・ツェペシュ,Vlad the Impaler,Pantheon職業: Inspiration / 出生国: Romania / 出生地: Sighișoara,,CE,1431,,false,,CE,1476,,false,,,,
ペリクレス,Pericles,Pantheon職業: Politician / 出生国: Greece / 出生地: Athens,,BCE,494,,false,,BCE,429,,false,,,,
アン・ブーリン,Anne Boleyn,Pantheon職業: Companion / 出生国: United Kingdom / 出生地: Blickling Hall,,CE,1501,,false,,CE,1536,,false,,,,
ロナルド・レーガン,Ronald Reagan,"Pantheon職業: Politician / 出生国: United States / 出生地: Tampico, Illinois",,CE,1911,,false,,CE,2004,,false,,,,
アイソーポス,Aesop,Pantheon職業: Writer / 出生国: Bulgaria / 出生地: Mesembria,,BCE,620,,false,,BCE,564,,false,,,,
ヴィクトリア,Victoria,Pantheon職業: Politician / 出生国: United Kingdom / 出生地: Kensington Palace,,CE,1819,,false,,CE,1901,,false,,,,
メアリー2世 (イングランド女王),Mary II of England,Pantheon職業: Politician / 出生国: United Kingdom / 出生地: St James's Palace,,CE,1662,,false,,CE,1694,,false,,,,
プブリウス・セプティミウス・ゲタ,Geta,Pantheon職業: Politician / 出生国: Italy / 出生地: Rome,,CE,189,,false,,CE,211,,false,,,,
カリグラ,Caligula,Pantheon職業: Politician / 出生国: Italy,,CE,12,,false,,CE,41,,false,,,,
アンリ・マティス,Henri Matisse,Pantheon職業: Painter / 出生国: France / 出生地: Le Cateau-Cambrésis,,CE,1869,,false,,CE,1954,,false,,,,
ブルース・リー,Bruce Lee,Pantheon職業: Actor / 出生国: United States / 出生地: San Francisco,,CE,1940,,false,,CE,1973,,false,,,,
蔣介石,Chiang Kai-shek,Pantheon職業: Military Personnel / 出生国: China / 出生地: Xikou,,CE,1887,,false,,CE,1975,,false,,,,
レフ・トロツキー,Leon Trotsky,Pantheon職業: Politician / 出生国: Ukraine,,CE,1879,,false,,CE,1940,,false,,,,
アントワーヌ・ド・サン＝テグジュペリ,Antoine de Saint-Exupéry,Pantheon職業: Writer / 出生国: France / 出生地: Lyon,,CE,1900,,false,,CE,1944,,false,,,,
ガブリエル・ガルシア＝マルケス,Gabriel García Márquez,Pantheon職業: Writer / 出生国: Colombia / 出生地: Aracataca,,CE,1927,,false,,CE,2014,,false,,,,
カラカラ,Caracalla,Pantheon職業: Politician / 出生国: France / 出生地: Lugdunum,,CE,188,,false,,CE,217,,false,,,,
エディット・ピアフ,Édith Piaf,Pantheon職業: Singer / 出生国: France / 出生地: Paris,,CE,1915,,false,,CE,1963,,false,,,,
エレノア・ルーズベルト,Eleanor Roosevelt,Pantheon職業: Social Activist / 出生国: United States / 出生地: New York City,,CE,1884,,false,,CE,1962,,false,,,,
マイケル・ファラデー,Michael Faraday,Pantheon職業: Physicist / 出生国: United Kingdom / 出生地: Newington Butts,,CE,1791,,false,,CE,1867,,false,,,,
イブン・ルシュド,Averroes,"Pantheon職業: Philosopher / 出生国: Spain / 出生地: Córdoba, Spain",,CE,1126,,false,,CE,1198,,false,,,,
アントワーヌ・ラヴォアジエ,Antoine Lavoisier,Pantheon職業: Chemist / 出生国: France / 出生地: Paris,,CE,1743,,false,,CE,1794,,false,,,,
ジョージ・ワシントン,George Washington,Pantheon職業: Politician / 出生国: United States / 出生地: George Washington Birthplace National Monument,,CE,1732,,false,,CE,1799,,false,,,,
ピエール＝オーギュスト・ルノワール,Pierre-Auguste Renoir,Pantheon職業: Painter / 出生国: France / 出生地: Limoges,,CE,1841,,false,,CE,1919,,false,,,,
ピウス10世,Pius X,Pantheon職業: Religious Figure / 出生国: Italy / 出生地: Riese Pio X,,CE,1835,,false,,CE,1914,,false,,,,
ジョン・F・ケネディ,John F. Kennedy,"Pantheon職業: Politician / 出生国: United States / 出生地: Brookline, Massachusetts",,CE,1917,,false,,CE,1963,,false,,,,
クレメンス1世,Clement I,Pantheon職業: Religious Figure / 出生国: Italy / 出生地: Rome,,CE,40,,false,,CE,99,,false,,,,
ガザーリー,Al-Ghazali,"Pantheon職業: Philosopher / 出生国: Iran / 出生地: Tus, Iran",,CE,1058,,false,,CE,1111,,false,,,,
ジョヴァンニ・ボッカッチョ,Giovanni Boccaccio,Pantheon職業: Writer / 出生国: Italy / 出生地: Certaldo,,CE,1313,,false,,CE,1375,,false,,,,
ニール・アームストロング,Neil Armstrong,"Pantheon職業: Astronaut / 出生国: United States / 出生地: Wapakoneta, Ohio",,CE,1930,,false,,CE,2012,,false,,,,
ベネディクトゥス15世,Benedict XV,Pantheon職業: Religious Figure / 出生国: Italy / 出生地: Pegli,,CE,1854,,false,,CE,1922,,false,,,,
フラウィウス・クラウディウス・ユリアヌス,Julian,Pantheon職業: Politician / 出生国: Türkiye / 出生地: Constantinople,,CE,331,,false,,CE,363,,false,,,,
サッダーム・フセイン,Saddam Hussein,Pantheon職業: Politician / 出生国: Iraq / 出生地: Al-Awja,,CE,1937,,false,,CE,2006,,false,,,,
アクエンアテン,Akhenaten,"Pantheon職業: Politician / 出生国: Egypt / 出生地: Thebes, Egypt",,BCE,1400,,false,,BCE,1336,,false,,,,
フランクリン・ルーズベルト,Franklin Delano Roosevelt,"Pantheon職業: Politician / 出生国: United States / 出生地: Hyde Park, New York",,CE,1882,,false,,CE,1945,,false,,,,
ベンジャミン・フランクリン,Benjamin Franklin,Pantheon職業: Politician / 出生国: United States / 出生地: Boston,,CE,1706,,false,,CE,1790,,false,,,,
エドワード5世,Edward V of England,Pantheon職業: Politician / 出生国: United Kingdom / 出生地: Westminster,,CE,1470,,false,,CE,1483,,false,,,,
フィデル・カストロ,Fidel Castro,Pantheon職業: Politician / 出生国: Cuba / 出生地: Birán,,CE,1926,,false,,CE,2016,,false,,,,
トラヤヌス,Trajan,Pantheon職業: Politician / 出生国: Spain / 出生地: Italica,,CE,53,,false,,CE,117,,false,,,,
ムムターズ・マハル,Mumtaz Mahal,Pantheon職業: Companion / 出生国: India / 出生地: Agra,,CE,1593,,false,,CE,1631,,false,,,,
フリードリヒ1世,Frederick Barbarossa,Pantheon職業: Politician / 出生国: France / 出生地: Haguenau,,CE,1122,,false,,CE,1190,,false,,,,
セリム2世,Selim II,Pantheon職業: Politician / 出生国: Türkiye / 出生地: Istanbul,,CE,1524,,false,,CE,1574,,false,,,,
アガサ・クリスティ,Agatha Christie,Pantheon職業: Writer / 出生国: United Kingdom / 出生地: Torquay,,CE,1890,,false,,CE,1976,,false,,,,
エラトステネス,Eratosthenes,"Pantheon職業: Geographer / 出生国: Libya / 出生地: Cyrene, Libya",,BCE,276,,false,,BCE,194,,false,,,,
フリードリヒ2世,Frederick II of Prussia,Pantheon職業: Politician / 出生国: Germany / 出生地: Berlin,,CE,1712,,false,,CE,1786,,false,,,,
ヨハネス・ブラームス,Johannes Brahms,Pantheon職業: Composer / 出生国: Germany / 出生地: Hamburg,,CE,1833,,false,,CE,1897,,false,,,,
アラン・ドロン,Alain Delon,"Pantheon職業: Actor / 出生国: France / 出生地: Sceaux, Hauts-de-Seine",,CE,1935,,false,,CE,2024,,false,,,,
ジョン・ナッシュ,John Forbes Nash,"Pantheon職業: Mathematician / 出生国: United States / 出生地: Bluefield, West Virginia",,CE,1928,,false,,CE,2015,,false,,,,
ハーバート・ジョージ・ウェルズ,H. G. Wells,Pantheon職業: Writer / 出生国: United Kingdom / 出生地: Bromley,,CE,1866,,false,,CE,1946,,false,,,,
聖ヘレナ,Helena Augusta,Pantheon職業: Companion / 出生国: Türkiye / 出生地: Helenopolis (Bithynia),,CE,250,,false,,CE,330,,false,,,,
トマス・ホッブズ,Thomas Hobbes,Pantheon職業: Philosopher / 出生国: United Kingdom / 出生地: Malmesbury,,CE,1588,,false,,CE,1679,,false,,,,
ガレノス,Galen,Pantheon職業: Physician / 出生国: Türkiye / 出生地: Pergamon,,CE,129,,false,,CE,215,,false,,,,
ジャコモ・プッチーニ,Giacomo Puccini,Pantheon職業: Composer / 出生国: Italy / 出生地: Lucca,,CE,1858,,false,,CE,1924,,false,,,,
フリードリヒ・エンゲルス,Friedrich Engels,Pantheon職業: Philosopher / 出生国: Germany / 出生地: Barmen,,CE,1820,,false,,CE,1895,,false,,,,
フランシスコ・フランコ,Francisco Franco,"Pantheon職業: Politician / 出生国: Spain / 出生地: Ferrol, Spain",,CE,1892,,false,,CE,1975,,false,,,,
エリヤ,Elijah,Pantheon職業: Religious Figure / 出生国: Israel / 出生地: Jerusalem,,BCE,1000,,false,,BCE,900,,false,,,,
イヴァナ・トランプ,Ivana Trump,Pantheon職業: Businessperson / 出生国: Czechia / 出生地: Zlín,,CE,1949,,false,,CE,2022,,false,,,,
ユスティニアヌス1世,Justinian I,Pantheon職業: Politician / 出生国: North Macedonia / 出生地: Tauresium,,CE,482,,false,,CE,565,,false,,,,
グレゴール・ヨハン・メンデル,Gregor Mendel,Pantheon職業: Biologist / 出生国: Czechia / 出生地: Hynčice (Vražné),,CE,1822,,false,,CE,1884,,false,,,,
アントニン・ドヴォルザーク,Antonín Dvořák,Pantheon職業: Composer / 出生国: Czechia / 出生地: Nelahozeves,,CE,1841,,false,,CE,1904,,false,,,,
カール・グスタフ・ユング,Carl Jung,Pantheon職業: Psychologist / 出生国: Switzerland / 出生地: Kesswil,,CE,1875,,false,,CE,1961,,false,,,,
ニキータ・フルシチョフ,Nikita Khrushchev,"Pantheon職業: Politician / 出生国: Russia / 出生地: Kalinovka, Khomutovsky District, Kursk Oblast",,CE,1894,,false,,CE,1971,,false,,,,
エルナン・コルテス,Hernán Cortés,"Pantheon職業: Explorer / 出生国: Spain / 出生地: Medellín, Spain",,CE,1485,,false,,CE,1547,,false,,,,
ハリール・ジブラーン,Kahlil Gibran,Pantheon職業: Writer / 出生国: Lebanon / 出生地: Bsharri,,CE,1883,,false,,CE,1931,,false,,,,
エドモンド・ハレー,Edmond Halley,Pantheon職業: Astronomer / 出生国: United Kingdom / 出生地: Haggerston,,CE,1656,,false,,CE,1742,,false,,,,
ポカホンタス,Pocahontas,Pantheon職業: Diplomat / 出生国: United States / 出生地: Werowocomoco,,CE,1595,,false,,CE,1617,,false,,,,
ムアンマル・アル＝カッザーフィー,Muammar Gaddafi,Pantheon職業: Politician / 出生国: Libya / 出生地: Qasr Abu Hadi,,CE,1942,,false,,CE,2011,,false,,,,
ニールス・ボーア,Niels Bohr,Pantheon職業: Physicist / 出生国: Denmark / 出生地: Copenhagen,,CE,1885,,false,,CE,1962,,false,,,,
グル・ナーナク,Guru Nanak,Pantheon職業: Religious Figure / 出生国: Pakistan / 出生地: Punjab,,CE,1469,,false,,CE,1539,,false,,,,
アレクサンデル6世,Alexander VI,Pantheon職業: Religious Figure / 出生国: Spain / 出生地: Valencia,,CE,1431,,false,,CE,1503,,false,,,,
エレミヤ,Jeremiah,Pantheon職業: Religious Figure / 出生地: Anathoth,,BCE,650,,false,,BCE,586,,false,,,,
オーギュスト・コント,Auguste Comte,Pantheon職業: Philosopher / 出生国: France / 出生地: Montpellier,,CE,1798,,false,,CE,1857,,false,,,,
ドミニク・アングル,Jean-Auguste-Dominique Ingres,Pantheon職業: Painter / 出生国: France / 出生地: Montauban,,CE,1780,,false,,CE,1867,,false,,,,
ザラスシュトラ,Zoroaster,"Pantheon職業: Religious Figure / 出生国: Iran / 出生地: Ray, Iran",,BCE,2000,,false,,BCE,2000,,false,,,,
ハンス・クリスティアン・エルステッド,Hans Christian Ørsted,Pantheon職業: Physicist / 出生国: Denmark / 出生地: Rudkøbing,,CE,1777,,false,,CE,1851,,false,,,,
マックス・プランク,Max Planck,Pantheon職業: Physicist / 出生国: Germany / 出生地: Kiel,,CE,1858,,false,,CE,1947,,false,,,,
レオニード・ブレジネフ,Leonid Brezhnev,Pantheon職業: Politician / 出生国: Ukraine / 出生地: Yekaterinoslav Governorate,,CE,1906,,false,,CE,1982,,false,,,,
ネブカドネザル2世,Nebuchadnezzar II,Pantheon職業: Politician / 出生国: Iraq / 出生地: Uruk,,BCE,630,,false,,BCE,562,,false,,,,
ジョーゼフ・スミス・ジュニア,Joseph Smith,"Pantheon職業: Religious Figure / 出生国: United States / 出生地: Sharon, Vermont",,CE,1805,,false,,CE,1844,,false,,,,
アレッサンドロ・ボルタ,Alessandro Volta,Pantheon職業: Physicist / 出生国: Italy / 出生地: Como,,CE,1745,,false,,CE,1827,,false,,,,
ローザ・ルクセンブルク,Rosa Luxemburg,Pantheon職業: Social Activist / 出生国: Poland / 出生地: Zamość,,CE,1871,,false,,CE,1919,,false,,,,
マルコ,Mark the Evangelist,"Pantheon職業: Religious Figure / 出生国: Libya / 出生地: Cyrene, Libya",,CE,10,,false,,CE,68,,false,,,,
バシレイオス2世,Basil II,Pantheon職業: Politician / 出生国: Türkiye / 出生地: Constantinople,,CE,958,,false,,CE,1025,,false,,,,
マルクス・ユニウス・ブルトゥス,Marcus Junius Brutus,Pantheon職業: Politician / 出生国: Italy / 出生地: Rome,,BCE,85,,false,,BCE,42,,false,,,,
ニコラエ・チャウシェスク,Nicolae Ceaușescu,Pantheon職業: Politician / 出生国: Romania / 出生地: Scornicești,,CE,1918,,false,,CE,1989,,false,,,,
ベルンハルト・リーマン,Bernhard Riemann,Pantheon職業: Mathematician / 出生国: Germany / 出生地: Jameln,,CE,1826,,false,,CE,1866,,false,,,,
ポール・セザンヌ,Paul Cézanne,Pantheon職業: Painter / 出生国: France / 出生地: Aix-en-Provence,,CE,1839,,false,,CE,1906,,false,,,,
アンネ・フランク,Anne Frank,Pantheon職業: Writer / 出生国: Germany / 出生地: Frankfurt,,CE,1929,,false,,CE,1945,,false,,,,
アレクサンダー・グラハム・ベル,Alexander Graham Bell,Pantheon職業: Inventor / 出生国: United Kingdom / 出生地: Edinburgh,,CE,1847,,false,,CE,1922,,false,,,,
ジョージ・オーウェル,George Orwell,Pantheon職業: Writer / 出生国: India / 出生地: Motihari,,CE,1903,,false,,CE,1950,,false,,,,
ジギスムント,Sigismund,Pantheon職業: Politician / 出生国: Germany / 出生地: Free Imperial City of Nuremberg,,CE,1368,,false,,CE,1437,,false,,,,
ココ・シャネル,Coco Chanel,Pantheon職業: Fashion Designer / 出生国: France / 出生地: Saumur,,CE,1883,,false,,CE,1971,,false,,,,
昭和天皇,Hirohito,Pantheon職業: Politician / 出生国: Japan / 出生地: Tōgū Palace,,CE,1901,,false,,CE,1989,,false,,,,
ジャン・カルヴァン,John Calvin,Pantheon職業: Religious Figure / 出生国: France / 出生地: Noyon,,CE,1509,,false,,CE,1564,,false,,,,
メアリー1世,Mary I,Pantheon職業: Politician / 出生国: United Kingdom / 出生地: Palace of Placentia,,CE,1516,,false,,CE,1558,,false,,,,
チャールズ・ディケンズ,Charles Dickens,Pantheon職業: Writer / 出生国: United Kingdom / 出生地: Portsmouth,,CE,1812,,false,,CE,1870,,false,,,,
アイスマン,Ötzi,Pantheon職業: Celebrity / 出生国: Italy / 出生地: Feldthurns,,BCE,3345,,false,,BCE,3255,,false,,,,
ルイ13世,Louis XIII of France,Pantheon職業: Politician / 出生国: France / 出生地: Palace of Fontainebleau,,CE,1601,,false,,CE,1643,,false,,,,
グリゴリー・ラスプーチン,Grigori Rasputin,"Pantheon職業: Occultist / 出生国: Russia / 出生地: Pokrovskoye, Tyumen Oblast",,CE,1869,,false,,CE,1916,,false,,,,
ポール・ゴーギャン,Paul Gauguin,Pantheon職業: Painter / 出生国: France / 出生地: French Second Republic,,CE,1848,,false,,CE,1903,,false,,,,
松尾芭蕉,Matsuo Bashō,Pantheon職業: Writer / 出生国: Japan / 出生地: Kyoto,,CE,1644,,false,,CE,1694,,false,,,,
アラン・チューリング,Alan Turing,Pantheon職業: Computer Scientist / 出生国: United Kingdom / 出生地: Maida Vale,,CE,1912,,false,,CE,1954,,false,,,,
エミール・デュルケーム,Émile Durkheim,Pantheon職業: Sociologist / 出生国: France / 出生地: Épinal,,CE,1858,,false,,CE,1917,,false,,,,
セリム1世,Selim I,Pantheon職業: Politician / 出生国: Türkiye / 出生地: Amasya,,CE,1470,,false,,CE,1520,,false,,,,
ヘルマン・ヘッセ,Hermann Hesse,Pantheon職業: Writer / 出生国: Germany / 出生地: Calw,,CE,1877,,false,,CE,1962,,false,,,,
エミリー・ディキンソン,Emily Dickinson,"Pantheon職業: Writer / 出生国: United States / 出生地: Amherst, Massachusetts",,CE,1830,,false,,CE,1886,,false,,,,
フェルディナンド・マルコス,Ferdinand Marcos,Pantheon職業: Politician / 出生国: Philippines / 出生地: Sarrat,,CE,1917,,false,,CE,1989,,false,,,,
マイケル・ジャクソン,Michael Jackson,"Pantheon職業: Musician / 出生国: United States / 出生地: Gary, Indiana",,CE,1958,,false,,CE,2009,,false,,,,
ジョゼフィーヌ・ド・ボアルネ,Joséphine de Beauharnais,Pantheon職業: Companion / 出生国: Saint Lucia / 出生地: Dauphin Quarter,,CE,1763,,false,,CE,1814,,false,,,,
アショーカ王,Ashoka,Pantheon職業: Politician / 出生国: India / 出生地: Pataliputra,,BCE,304,,false,,BCE,232,,false,,,,
パラケルスス,Paracelsus,Pantheon職業: Physician / 出生国: Switzerland / 出生地: Einsiedeln,,CE,1493,,false,,CE,1541,,false,,,,
イブン・バットゥータ,Ibn Battuta,Pantheon職業: Explorer / 出生国: Morocco / 出生地: Tangier,,CE,1304,,false,,CE,1368,,false,,,,
ナポレオン3世,Napoleon III,Pantheon職業: Politician / 出生国: France / 出生地: Paris,,CE,1808,,false,,CE,1873,,false,,,,
ウルバヌス7世,Urban VII,Pantheon職業: Religious Figure / 出生国: Italy / 出生地: Rome,,CE,1521,,false,,CE,1590,,false,,,,
ジョット・ディ・ボンドーネ,Giotto,Pantheon職業: Painter / 出生国: Italy / 出生地: Florence,,CE,1267,,false,,CE,1337,,false,,,,
ロアール・アムンセン,Roald Amundsen,"Pantheon職業: Explorer / 出生国: Norway / 出生地: Borge, Østfold",,CE,1872,,false,,CE,1928,,false,,,,
アーネスト・ヘミングウェイ,Ernest Hemingway,"Pantheon職業: Writer / 出生国: United States / 出生地: Oak Park, Illinois",,CE,1899,,false,,CE,1961,,false,,,,
フランツ・リスト,Franz Liszt,"Pantheon職業: Musician / 出生国: Austria / 出生地: Raiding, Austria",,CE,1811,,false,,CE,1886,,false,,,,
オットー1世,Otto I the Great,"Pantheon職業: Politician / 出生国: Germany / 出生地: Wallhausen, Saxony-Anhalt",,CE,912,,false,,CE,973,,false,,,,
パブロ・エスコバル,Pablo Escobar,Pantheon職業: Mafioso / 出生国: Colombia / 出生地: Rionegro,,CE,1949,,false,,CE,1993,,false,,,,
クレメンス7世,Clement VII,Pantheon職業: Religious Figure / 出生国: Italy / 出生地: Florence,,CE,1478,,false,,CE,1534,,false,,,,
イヴァン4世,Ivan the Terrible,Pantheon職業: Politician / 出生国: Russia / 出生地: Moscow,,CE,1530,,false,,CE,1584,,false,,,,
マルティン・ハイデッガー,Martin Heidegger,Pantheon職業: Philosopher / 出生国: Germany / 出生地: Meßkirch,,CE,1889,,false,,CE,1976,,false,,,,
カール・デーニッツ,Karl Dönitz,Pantheon職業: Military Personnel / 出生国: Germany / 出生地: Grünau (Berlin),,CE,1891,,false,,CE,1980,,false,,,,
ボリス・エリツィン,Boris Yeltsin,"Pantheon職業: Politician / 出生国: Russia / 出生地: Butka, Russia",,CE,1931,,false,,CE,2007,,false,,,,
ハインリヒ・ヒムラー,Heinrich Himmler,Pantheon職業: Politician / 出生国: Germany / 出生地: Munich,,CE,1900,,false,,CE,1945,,false,,,,
ヒュパティア,Hypatia,Pantheon職業: Mathematician / 出生国: Egypt / 出生地: Alexandria,,CE,350,,false,,CE,415,,false,,,,
ドナテッロ,Donatello,Pantheon職業: Painter / 出生国: Italy / 出生地: Republic of Florence,,CE,1386,,false,,CE,1466,,false,,,,
ティベリウス,Tiberius,Pantheon職業: Politician / 出生国: Italy / 出生地: Rome,,BCE,42,,false,,CE,37,,false,,,,
ハーラル3世,Harald III of Norway,Pantheon職業: Politician / 出生国: Norway / 出生地: Ringerike (traditional district),,CE,1015,,false,,CE,1066,,false,,,,
ホラティウス,Horace,Pantheon職業: Writer / 出生国: Italy / 出生地: Venosa,,BCE,65,,false,,BCE,8,,false,,,,
ヨナ,Jonah,Pantheon職業: Religious Figure / 出生国: Israel / 出生地: Gath-hepher,,BCE,850,,false,,BCE,810,,false,,,,
フェリペ2世,Philip II of Spain,Pantheon職業: Politician / 出生国: Spain / 出生地: Valladolid,,CE,1527,,false,,CE,1598,,false,,,,
アレクサンダー・フレミング,Alexander Fleming,Pantheon職業: Biologist / 出生国: United Kingdom / 出生地: Darvel,,CE,1881,,false,,CE,1955,,false,,,,
シバの女王,Queen of Sheba,Pantheon職業: Religious Figure,,BCE,1000,,false,,BCE,1000,,false,,,,
ロクセラーナ,Hürrem Sultan,Pantheon職業: Politician / 出生国: Ukraine / 出生地: Rohatyn,,CE,1502,,false,,CE,1558,,false,,,,
グレゴリウス16世,Gregory XVI,Pantheon職業: Religious Figure / 出生国: Italy / 出生地: Belluno,,CE,1765,,false,,CE,1846,,false,,,,
フレグ,Hulagu Khan,Pantheon職業: Politician / 出生国: Mongolia,,CE,1217,,false,,CE,1265,,false,,,,
ムラト2世,Murad II,Pantheon職業: Politician / 出生国: Türkiye / 出生地: Amasya,,CE,1404,,false,,CE,1451,,false,,,,
バルトロメウ・ディアス,Bartolomeu Dias,Pantheon職業: Explorer / 出生国: Portugal / 出生地: Kingdom of Portugal,,CE,1450,,false,,CE,1500,,false,,,,
ルイ18世,Louis XVIII of France,Pantheon職業: Politician / 出生国: France / 出生地: Palace of Versailles,,CE,1755,,false,,CE,1824,,false,,,,
ルキウス・コルネリウス・スッラ,Sulla,Pantheon職業: Politician / 出生国: Italy / 出生地: Rome,,BCE,138,,false,,BCE,78,,false,,,,
F・スコット・フィッツジェラルド,F. Scott Fitzgerald,"Pantheon職業: Writer / 出生国: United States / 出生地: Saint Paul, Minnesota",,CE,1896,,false,,CE,1940,,false,,,,
クラウディウス,Claudius,Pantheon職業: Politician / 出生国: France / 出生地: Lugdunum,,BCE,10,,false,,CE,54,,false,,,,
アレクサンドル・プーシキン,Alexander Pushkin,Pantheon職業: Writer / 出生国: Russia / 出生地: Moscow,,CE,1799,,false,,CE,1837,,false,,,,
ヨハン・シュトラウス2世,Johann Strauss II,Pantheon職業: Composer / 出生国: Austria / 出生地: Vienna,,CE,1825,,false,,CE,1899,,false,,,,
シモーヌ・ド・ボーヴォワール,Simone de Beauvoir,Pantheon職業: Writer / 出生国: France / 出生地: Paris,,CE,1908,,false,,CE,1986,,false,,,,
ティツィアーノ・ヴェチェッリオ,Titian,Pantheon職業: Painter / 出生国: Italy / 出生地: Pieve di Cadore,,CE,1488,,false,,CE,1576,,false,,,,
葛飾北斎,Katsushika Hokusai,Pantheon職業: Artist / 出生国: Japan / 出生地: Edo,,CE,1760,,false,,CE,1849,,false,,,,
ウォルト・ディズニー,Walt Disney,Pantheon職業: Producer / 出生国: United States / 出生地: Chicago,,CE,1901,,false,,CE,1966,,false,,,,
マリア・モンテッソーリ,Maria Montessori,"Pantheon職業: Philosopher / 出生国: Italy / 出生地: Chiaravalle, Marche",,CE,1870,,false,,CE,1952,,false,,,,
ハドリアヌス,Hadrian,Pantheon職業: Politician / 出生国: Spain / 出生地: Italica,,CE,76,,false,,CE,138,,false,,,,
フリードリヒ・フォン・シラー,Friedrich Schiller,Pantheon職業: Writer / 出生国: Germany / 出生地: Marbach am Neckar,,CE,1759,,false,,CE,1805,,false,,,,
ポンティウス・ピラトゥス,Pontius Pilatus,Pantheon職業: Politician / 出生国: Italy / 出生地: Abruzzo,,BCE,12,,false,,CE,38,,false,,,,
グスタフ・クリムト,Gustav Klimt,"Pantheon職業: Painter / 出生国: Austria / 出生地: Baumgarten, Vienna",,CE,1862,,false,,CE,1918,,false,,,,
ロベルト・シューマン,Robert Schumann,Pantheon職業: Composer / 出生国: Germany / 出生地: Zwickau,,CE,1810,,false,,CE,1856,,false,,,,
ユリウス2世,Julius II,Pantheon職業: Religious Figure / 出生国: Italy / 出生地: Albisola Superiore,,CE,1443,,false,,CE,1513,,false,,,,
アルバート・マイケルソン,Albert A. Michelson,Pantheon職業: Physicist / 出生国: Poland / 出生地: Strzelno,,CE,1852,,false,,CE,1931,,false,,,,
パルメニデス,Parmenides,Pantheon職業: Philosopher / 出生国: Italy / 出生地: Velia,,BCE,501,,false,,BCE,470,,false,,,,
アリストパネス,Aristophanes,Pantheon職業: Writer / 出生国: Greece / 出生地: Classical Athens,,BCE,448,,false,,BCE,386,,false,,,,
セーレン・キェルケゴール,Søren Kierkegaard,Pantheon職業: Philosopher / 出生国: Denmark / 出生地: Copenhagen,,CE,1813,,false,,CE,1855,,false,,,,
オリゲネス,Origen,Pantheon職業: Philosopher / 出生国: Egypt / 出生地: Alexandria,,CE,185,,false,,CE,254,,false,,,,
グレゴリウス13世,Gregory XIII,Pantheon職業: Religious Figure / 出生国: Italy / 出生地: Bologna,,CE,1502,,false,,CE,1585,,false,,,,
トーマス・ハーディ,Thomas Hardy,Pantheon職業: Writer / 出生国: United Kingdom / 出生地: Stinsford,,CE,1840,,false,,CE,1928,,false,,,,
シャルル・ボードレール,Charles Baudelaire,Pantheon職業: Writer / 出生国: France / 出生地: Paris,,CE,1821,,false,,CE,1867,,false,,,,
マルセル・プルースト,Marcel Proust,Pantheon職業: Writer / 出生国: France / 出生地: Paris,,CE,1871,,false,,CE,1922,,false,,,,
アレクサンデル・セウェルス,Severus Alexander,Pantheon職業: Politician / 出生国: Lebanon / 出生地: Arqa,,CE,208,,false,,CE,235,,false,,,,
ニコロ・パガニーニ,Niccolò Paganini,Pantheon職業: Musician / 出生国: Italy / 出生地: Genoa,,CE,1782,,false,,CE,1840,,false,,,,
ストラボン,Strabo,Pantheon職業: Geographer / 出生国: Türkiye / 出生地: Amasya,,BCE,64,,false,,CE,23,,false,,,,
アンリ4世,Henry IV of France,Pantheon職業: Politician / 出生国: France / 出生地: Château de Pau,,CE,1553,,false,,CE,1610,,false,,,,
ピエール・キュリー,Pierre Curie,Pantheon職業: Physicist / 出生国: France / 出生地: Paris,,CE,1859,,false,,CE,1906,,false,,,,
ウスマーン・イブン・アッファーン,Uthman ibn Affan,Pantheon職業: Politician / 出生国: Saudi Arabia / 出生地: Hejaz,,CE,574,,false,,CE,656,,false,,,,
ヨーゼフ・メンゲレ,Josef Mengele,Pantheon職業: Physician / 出生国: Germany / 出生地: Günzburg,,CE,1911,,false,,CE,1979,,false,,,,
エンリケ航海王子,Prince Henry the Navigator,Pantheon職業: Explorer / 出生国: Portugal / 出生地: Porto,,CE,1394,,false,,CE,1460,,false,,,,
レオ11世,Leo XI,Pantheon職業: Religious Figure / 出生国: Italy / 出生地: Florence,,CE,1535,,false,,CE,1605,,false,,,,
ドゥニ・ディドロ,Denis Diderot,Pantheon職業: Writer / 出生国: France / 出生地: Langres,,CE,1713,,false,,CE,1784,,false,,,,
アンドレ＝マリ・アンペール,André-Marie Ampère,Pantheon職業: Physicist / 出生国: France / 出生地: Lyon,,CE,1775,,false,,CE,1836,,false,,,,
ムラト3世,Murad III,Pantheon職業: Politician / 出生国: Türkiye / 出生地: Manisa,,CE,1546,,false,,CE,1595,,false,,,,
ピウス7世,Pius VII,Pantheon職業: Religious Figure / 出生国: Italy / 出生地: Cesena,,CE,1742,,false,,CE,1823,,false,,,,
エヴァンジェリスタ・トリチェリ,Evangelista Torricelli,Pantheon職業: Physicist / 出生国: Italy / 出生地: Rome,,CE,1608,,false,,CE,1647,,false,,,,
エル・グレコ,El Greco,Pantheon職業: Painter / 出生国: Greece / 出生地: Kingdom of Candia,,CE,1541,,false,,CE,1614,,false,,,,
ヤン・フス,Jan Hus,Pantheon職業: Social Activist / 出生国: Czechia / 出生地: Husinec (Prachatice District),,CE,1369,,false,,CE,1415,,false,,,,
エミール・ゾラ,Émile Zola,Pantheon職業: Writer / 出生国: France / 出生地: Paris,,CE,1840,,false,,CE,1902,,false,,,,
アフメト1世,Ahmed I,Pantheon職業: Politician / 出生国: Türkiye / 出生地: Manisa,,CE,1590,,false,,CE,1617,,false,,,,
エルヴィン・シュレーディンガー,Erwin Schrödinger,Pantheon職業: Physicist / 出生国: Austria / 出生地: Vienna,,CE,1887,,false,,CE,1961,,false,,,,
バルバラ,Saint Barbara,Pantheon職業: Religious Figure / 出生国: Türkiye / 出生地: Nicomedia,,CE,300,,false,,CE,306,,false,,,,
ファーラービー,Farabi,Pantheon職業: Philosopher / 出生国: Afghanistan / 出生地: Faryab Province,,CE,872,,false,,CE,951,,false,,,,
ヘロデ大王,Herod the Great,Pantheon職業: Politician / 出生国: Israel / 出生地: Ashkelon,,BCE,73,,false,,BCE,3,,false,,,,
レオ10世,Leo X,Pantheon職業: Religious Figure / 出生国: Italy / 出生地: Florence,,CE,1475,,false,,CE,1521,,false,,,,
鄭和,Zheng He,Pantheon職業: Explorer / 出生国: China / 出生地: Kunming,,CE,1387,,false,,CE,1433,,false,,,,
バーナード・モントゴメリー,Bernard Montgomery,Pantheon職業: Military Personnel / 出生国: United Kingdom / 出生地: Kennington,,CE,1887,,false,,CE,1976,,false,,,,
シルヴィオ・ベルルスコーニ,Silvio Berlusconi,Pantheon職業: Politician / 出生国: Italy / 出生地: Milan,,CE,1936,,false,,CE,2023,,false,,,,
レオ12世,Leo XII,"Pantheon職業: Religious Figure / 出生国: Italy / 出生地: Genga, Marche",,CE,1760,,false,,CE,1829,,false,,,,
ヨハネ,John the Apostle,Pantheon職業: Religious Figure / 出生地: Bethsaida,,CE,6,,false,,CE,100,,false,,,,
ジョゼフ＝ルイ・ラグランジュ,Joseph-Louis Lagrange,Pantheon職業: Mathematician / 出生国: Italy / 出生地: Turin,,CE,1736,,false,,CE,1813,,false,,,,
ワシリー・カンディンスキー,Wassily Kandinsky,Pantheon職業: Painter / 出生国: Russia / 出生地: Moscow,,CE,1866,,false,,CE,1944,,false,,,,
アルバート,Prince Albert of Saxe-Coburg and Gotha,"Pantheon職業: Nobleman / 出生国: Germany / 出生地: Schloss Rosenau, Coburg",,CE,1819,,false,,CE,1861,,false,,,,
ピート・モンドリアン,Piet Mondrian,Pantheon職業: Painter / 出生国: Netherlands / 出生地: Amersfoort,,CE,1872,,false,,CE,1944,,false,,,,
ロレンツォ・デ・メディチ,Lorenzo de' Medici,Pantheon職業: Politician / 出生国: Italy / 出生地: Florence,,CE,1449,,false,,CE,1492,,false,,,,
ジェームズ・クック,James Cook,"Pantheon職業: Explorer / 出生国: United Kingdom / 出生地: Marton, Middlesbrough",,CE,1728,,false,,CE,1779,,false,,,,
ギュスターヴ・フローベール,Gustave Flaubert,Pantheon職業: Writer / 出生国: France / 出生地: Rouen,,CE,1821,,false,,CE,1880,,false,,,,
エウリピデス,Euripides,Pantheon職業: Writer / 出生国: Greece / 出生地: Salamis Island,,BCE,480,,false,,BCE,406,,false,,,,
李白,Li Bai,Pantheon職業: Writer / 出生国: China / 出生地: Jiangyou,,CE,701,,false,,CE,762,,false,,,,
エドゥアール・マネ,Édouard Manet,Pantheon職業: Painter / 出生国: France / 出生地: 6th arrondissement of Paris,,CE,1832,,false,,CE,1883,,false,,,,
オクターヴ・ミルボー,Octave Mirbeau,Pantheon職業: Writer / 出生国: France / 出生地: Trévières,,CE,1848,,false,,CE,1917,,false,,,,
アンリ・ベクレル,Henri Becquerel,Pantheon職業: Physicist / 出生国: France / 出生地: Paris,,CE,1852,,false,,CE,1908,,false,,,,
ヤコブ,James the Just,Pantheon職業: Religious Figure / 出生国: Israel / 出生地: Nazareth,,BCE,20,,false,,CE,69,,false,,,,
ティトゥス,Titus,Pantheon職業: Politician / 出生国: Italy / 出生地: Rome,,CE,41,,false,,CE,81,,false,,,,
ディオクレティアヌス,Diocletian,Pantheon職業: Politician / 出生国: Croatia / 出生地: Salona,,CE,244,,false,,CE,311,,false,,,,
ハトシェプスト,Hatshepsut,Pantheon職業: Politician / 出生国: Egypt,,BCE,1507,,false,,BCE,1458,,false,,,,
ヨハン・クライフ,Johan Cruyff,Pantheon職業: Soccer Player / 出生国: Netherlands / 出生地: Amsterdam,,CE,1947,,false,,CE,2016,,false,,,,
マリア・カラス,Maria Meneghini Callas,Pantheon職業: Singer / 出生国: United States / 出生地: New York City,,CE,1923,,false,,CE,1977,,false,,,,
ヘルマン・ゲーリング,Hermann Göring,Pantheon職業: Politician / 出生国: Germany / 出生地: Rosenheim,,CE,1893,,false,,CE,1946,,false,,,,
ジョージ・マーシャル,George Marshall,"Pantheon職業: Politician / 出生国: United States / 出生地: Uniontown, Pennsylvania",,CE,1880,,false,,CE,1959,,false,,,,
メアリー,"Mary, Queen of Scots",Pantheon職業: Politician / 出生国: United Kingdom / 出生地: Linlithgow Palace,,CE,1542,,false,,CE,1587,,false,,,,
ステファノ,Saint Stephen,Pantheon職業: Religious Figure / 出生国: Greece,,CE,1,,false,,CE,36,,false,,,,
エリサベト,Elizabeth,Pantheon職業: Religious Figure / 出生地: Hebron,,BCE,100,,false,,CE,100,,false,,,,
ジョゼフ・ジョン・トムソン,J. J. Thomson,"Pantheon職業: Physicist / 出生国: United Kingdom / 出生地: Cheetham, Manchester",,CE,1856,,false,,CE,1940,,false,,,,
サムソン,Samson,Pantheon職業: Religious Figure / 出生国: Israel / 出生地: Zorah,,BCE,1118,,false,,BCE,1078,,false,,,,
マルクス・アントニウス,Mark Antony,Pantheon職業: Politician / 出生国: Italy / 出生地: Rome,,BCE,83,,false,,BCE,30,,false,,,,
シラクサのルチア,Saint Lucy,"Pantheon職業: Religious Figure / 出生国: Italy / 出生地: Syracuse, Sicily",,CE,283,,false,,CE,304,,false,,,,
ルクレティウス,Lucretius,Pantheon職業: Philosopher / 出生国: Italy / 出生地: Pompeii,,BCE,94,,false,,BCE,55,,false,,,,
アストリッド・リンドグレーン,Astrid Lindgren,Pantheon職業: Writer / 出生国: Sweden / 出生地: Vimmerby,,CE,1907,,false,,CE,2002,,false,,,,
オスカー・ワイルド,Oscar Wilde,Pantheon職業: Writer / 出生国: Ireland / 出生地: Dublin,,CE,1854,,false,,CE,1900,,false,,,,
カトリーヌ・ド・メディシス,Catherine de' Medici,Pantheon職業: Companion / 出生国: Italy / 出生地: Florence,,CE,1519,,false,,CE,1589,,false,,,,
マーク・トウェイン,Mark Twain,"Pantheon職業: Writer / 出生国: United States / 出生地: Florida, Missouri",,CE,1835,,false,,CE,1910,,false,,,,
ヘンリック・イプセン,Henrik Ibsen,Pantheon職業: Writer / 出生国: Norway / 出生地: Skien,,CE,1828,,false,,CE,1906,,false,,,,
アレサ・フランクリン,Aretha Franklin,"Pantheon職業: Singer / 出生国: United States / 出生地: Memphis, Tennessee",,CE,1942,,false,,CE,2018,,false,,,,
ウジェーヌ・ドラクロワ,Eugène Delacroix,"Pantheon職業: Painter / 出生国: France / 出生地: Saint-Maurice, Val-de-Marne",,CE,1798,,false,,CE,1863,,false,,,,
ピウス8世,Pius VIII,Pantheon職業: Religious Figure / 出生国: Italy / 出生地: Cingoli,,CE,1761,,false,,CE,1830,,false,,,,
ムハンマド・アル＝ブハーリー,Muḥammad ibn Ismaeel al-Bukhārī,Pantheon職業: Religious Figure / 出生国: Uzbekistan / 出生地: Bukhara,,CE,810,,false,,CE,870,,false,,,,
ハドリアヌス6世,Adrian VI,Pantheon職業: Religious Figure / 出生国: Netherlands / 出生地: Utrecht,,CE,1459,,false,,CE,1523,,false,,,,
ウェスパシアヌス,Vespasian,Pantheon職業: Politician / 出生国: Italy / 出生地: Falacrine,,CE,9,,false,,CE,79,,false,,,,
ジェームズ・プレスコット・ジュール,James Prescott Joule,Pantheon職業: Physicist / 出生国: United Kingdom / 出生地: Salford,,CE,1818,,false,,CE,1889,,false,,,,
ジャニス・ジョプリン,Janis Joplin,"Pantheon職業: Singer / 出生国: United States / 出生地: Port Arthur, Texas",,CE,1943,,false,,CE,1970,,false,,,,
ジョアキーノ・ロッシーニ,Gioachino Rossini,Pantheon職業: Composer / 出生国: Italy / 出生地: Pesaro,,CE,1792,,false,,CE,1868,,false,,,,
ラグナル・ロズブローク,Ragnar Lodbrok,Pantheon職業: Nobleman / 出生国: Norway / 出生地: Northumbria,,CE,850,,false,,CE,801,,false,,,,
イグナチオ・デ・ロヨラ,Ignatius of Loyola,Pantheon職業: Religious Figure / 出生国: Spain / 出生地: Azpeitia,,CE,1491,,false,,CE,1556,,false,,,,
スカンデルベグ,Skanderbeg,Pantheon職業: Politician / 出生国: Albania / 出生地: Sinë,,CE,1405,,false,,CE,1468,,false,,,,
ロロ,Rollo,Pantheon職業: Nobleman / 出生国: Norway,,CE,846,,false,,CE,930,,false,,,,
スタンダール,Stendhal,Pantheon職業: Writer / 出生国: France / 出生地: Grenoble,,CE,1783,,false,,CE,1842,,false,,,,
メアリー・オブ・テック,Mary of Teck,Pantheon職業: Companion / 出生国: United Kingdom / 出生地: Kensington Palace,,CE,1867,,false,,CE,1953,,false,,,,
アメンホテプ3世,Amenhotep III,Pantheon職業: Politician / 出生国: Egypt,,BCE,1403,,false,,BCE,1350,,false,,,,
ヒエロニムス・ボス,Hieronymus Bosch,Pantheon職業: Painter / 出生国: Netherlands / 出生地: 's-Hertogenbosch,,CE,1450,,false,,CE,1516,,false,,,,
マーガレット・サッチャー,Margaret Thatcher,Pantheon職業: Politician / 出生国: United Kingdom / 出生地: Grantham,,CE,1925,,false,,CE,2013,,false,,,,
ヤーセル・アラファート,Yasser Arafat,Pantheon職業: Politician / 出生国: Egypt / 出生地: Cairo,,CE,1929,,false,,CE,2004,,false,,,,
カフラー,Khafra,Pantheon職業: Politician / 出生国: Egypt / 出生地: Cairo,,BCE,2550,,false,,BCE,2479,,false,,,,
バグワン・シュリ・ラジニーシ,Rajneesh,Pantheon職業: Philosopher / 出生国: India / 出生地: Bhopal State,,CE,1931,,false,,CE,1990,,false,,,,
アイン・ランド,Ayn Rand,Pantheon職業: Writer / 出生国: Russia / 出生地: Saint Petersburg,,CE,1905,,false,,CE,1982,,false,,,,
テオドシウス1世,Theodosius I,Pantheon職業: Politician / 出生国: Spain / 出生地: Hispania,,CE,340,,false,,CE,395,,false,,,,
アブー・ライハーン・アル・ビールーニー,Al-Biruni,Pantheon職業: Mathematician / 出生国: Uzbekistan / 出生地: Beruniy,,CE,973,,false,,CE,1048,,false,,,,
ホノリウス,Honorius,Pantheon職業: Politician / 出生国: Türkiye / 出生地: Constantinople,,CE,384,,false,,CE,423,,false,,,,
エグバート,Ecgberht,Pantheon職業: Politician / 出生国: United Kingdom / 出生地: Wessex,,CE,800,,false,,CE,839,,false,,,,
トゥキディデス,Thucydides,Pantheon職業: Historian / 出生国: Greece / 出生地: Halimus,,BCE,460,,false,,BCE,397,,false,,,,
ボードゥアン4世,Baldwin IV of Jerusalem,Pantheon職業: Politician / 出生国: Israel / 出生地: Jerusalem,,CE,1161,,false,,CE,1185,,false,,,,
ドミティアヌス,Domitian,Pantheon職業: Politician / 出生国: Italy / 出生地: Rome,,CE,51,,false,,CE,96,,false,,,,
大アントニオス,Anthony the Great,Pantheon職業: Religious Figure / 出生国: Egypt / 出生地: Qiman al-Arus,,CE,251,,false,,CE,356,,false,,,,
グスタフ2世アドルフ,Gustavus Adolphus of Sweden,Pantheon職業: Politician / 出生国: Sweden / 出生地: Tre Kronor (castle),,CE,1594,,false,,CE,1632,,false,,,,
ウルバヌス8世,Urban VIII,Pantheon職業: Religious Figure / 出生国: Italy / 出生地: Florence,,CE,1568,,false,,CE,1644,,false,,,,
マグダラのマリア,Mary Magdalene,Pantheon職業: Religious Figure / 出生国: Israel / 出生地: Magdala,,BCE,10,,false,,CE,100,,false,,,,
アイスキュロス,Aeschylus,Pantheon職業: Writer / 出生国: Greece / 出生地: Elefsina,,BCE,525,,false,,BCE,456,,false,,,,
アーネスト・ラザフォード,Ernest Rutherford,Pantheon職業: Physicist / 出生国: New Zealand / 出生地: Brightwater,,CE,1871,,false,,CE,1937,,false,,,,
ミシェル・ド・モンテーニュ,Michel de Montaigne,Pantheon職業: Philosopher / 出生国: France / 出生地: Château de Montaigne,,CE,1533,,false,,CE,1592,,false,,,,
ジョン・ウィルクス・ブース,John Wilkes Booth,"Pantheon職業: Extremist / 出生国: United States / 出生地: Bel Air, Harford County, Maryland",,CE,1838,,false,,CE,1865,,false,,,,
バヤズィト2世,Bayezid II,Pantheon職業: Politician / 出生国: Greece / 出生地: Didymoteicho,,CE,1447,,false,,CE,1512,,false,,,,
エドワード・アップルトン,Edward Victor Appleton,Pantheon職業: Physicist / 出生国: United Kingdom / 出生地: Bradford,,CE,1892,,false,,CE,1965,,false,,,,
ベルトルト・ブレヒト,Bertolt Brecht,Pantheon職業: Writer / 出生国: Germany / 出生地: Augsburg,,CE,1898,,false,,CE,1956,,false,,,,
フサイン・イブン・アリー,Husayn ibn Ali,Pantheon職業: Religious Figure / 出生国: Saudi Arabia / 出生地: Medina,,CE,626,,false,,CE,680,,false,,,,
バヤズィト1世,Bayezid I,Pantheon職業: Politician / 出生国: Türkiye / 出生地: Edirne,,CE,1354,,false,,CE,1403,,false,,,,
ピウス6世,Pius VI,Pantheon職業: Religious Figure / 出生国: Italy / 出生地: Cesena,,CE,1717,,false,,CE,1799,,false,,,,
ジョン・レノン,John Lennon,Pantheon職業: Musician / 出生国: United Kingdom / 出生地: Liverpool,,CE,1940,,false,,CE,1980,,false,,,,
ハリー・S・トルーマン,Harry S. Truman,"Pantheon職業: Politician / 出生国: United States / 出生地: Lamar, Missouri",,CE,1884,,false,,CE,1972,,false,,,,
クリスティーナ,Christina of Sweden,Pantheon職業: Politician / 出生国: Sweden / 出生地: Tre Kronor (castle),,CE,1626,,false,,CE,1689,,false,,,,
孫武,Sun Tzu,Pantheon職業: Philosopher / 出生国: China / 出生地: Qi (state),,BCE,544,,false,,BCE,496,,false,,,,
エンペドクレス,Empedocles,Pantheon職業: Philosopher / 出生国: Italy / 出生地: Sicily,,BCE,490,,false,,BCE,430,,false,,,,
ピーテル・ブリューゲル,Pieter Brueghel the Elder,Pantheon職業: Painter / 出生国: Netherlands / 出生地: Breda,,CE,1525,,false,,CE,1569,,false,,,,
フランツ・ベッケンバウアー,Franz Beckenbauer,Pantheon職業: Soccer Player / 出生国: Germany / 出生地: Munich,,CE,1945,,false,,CE,2024,,false,,,,
テオドラ,Theodora,Pantheon職業: Companion / 出生国: Cyprus,,CE,500,,false,,CE,548,,false,,,,
ジャン・ロレンツォ・ベルニーニ,Gian Lorenzo Bernini,Pantheon職業: Architect / 出生国: Italy / 出生地: Naples,,CE,1598,,false,,CE,1680,,false,,,,
ジョン・ドルトン,John Dalton,"Pantheon職業: Chemist / 出生国: United Kingdom / 出生地: Eaglesfield, Cumbria",,CE,1766,,false,,CE,1844,,false,,,,
ムラト1世,Murad I,Pantheon職業: Politician / 出生国: Türkiye / 出生地: Bursa,,CE,1326,,false,,CE,1389,,false,,,,
司馬遷,Sima Qian,Pantheon職業: Historian / 出生国: China / 出生地: Hancheng,,BCE,145,,false,,BCE,86,,false,,,,
フェリックス・メンデルスゾーン,Felix Mendelssohn,Pantheon職業: Composer / 出生国: Germany / 出生地: Hamburg,,CE,1809,,false,,CE,1847,,false,,,,
プルタルコス,Plutarch,Pantheon職業: Philosopher / 出生国: Greece / 出生地: Chaeronea,,CE,46,,false,,CE,127,,false,,,,
ヴェルナー・ハイゼンベルク,Werner Heisenberg,Pantheon職業: Physicist / 出生国: Germany / 出生地: Würzburg,,CE,1901,,false,,CE,1976,,false,,,,
クリスチャン9世,Christian IX of Denmark,Pantheon職業: Politician / 出生国: Germany / 出生地: Gottorf Castle,,CE,1818,,false,,CE,1906,,false,,,,
アナクシマンドロス,Anaximander,Pantheon職業: Philosopher / 出生国: Türkiye / 出生地: Miletus,,BCE,610,,false,,BCE,546,,false,,,,
エドヴァルド・グリーグ,Edvard Grieg,Pantheon職業: Composer / 出生国: Norway / 出生地: Bergen,,CE,1843,,false,,CE,1907,,false,,,,
セルマ・ラーゲルレーヴ,Selma Lagerlöf,Pantheon職業: Writer / 出生国: Sweden / 出生地: Mårbacka,,CE,1858,,false,,CE,1940,,false,,,,
ロベルト・コッホ,Robert Koch,Pantheon職業: Physician / 出生国: Germany / 出生地: Clausthal-Zellerfeld,,CE,1843,,false,,CE,1910,,false,,,,
ラビンドラナート・タゴール,Rabindranath Tagore,Pantheon職業: Writer / 出生国: India / 出生地: Kolkata,,CE,1861,,false,,CE,1941,,false,,,,
ティコ・ブラーエ,Tycho Brahe,Pantheon職業: Astronomer / 出生国: Sweden / 出生地: Lund,,CE,1546,,false,,CE,1601,,false,,,,
ピエール・ド・フェルマー,Pierre de Fermat,Pantheon職業: Mathematician / 出生国: France / 出生地: Beaumont-de-Lomagne,,CE,1601,,false,,CE,1665,,false,,,,
ジョヴァンニ・ダ・パレストリーナ,Giovanni Pierluigi da Palestrina,Pantheon職業: Composer / 出生国: France / 出生地: Nice,,CE,1520,,false,,CE,1594,,false,,,,
マレーネ・ディートリッヒ,Marlene Dietrich,Pantheon職業: Actor / 出生国: Germany / 出生地: Berlin,,CE,1901,,false,,CE,1992,,false,,,,
溥儀,Puyi,Pantheon職業: Politician / 出生国: China / 出生地: Prince Chun Mansion,,CE,1906,,false,,CE,1967,,false,,,,
シモン・ボリバル,Simón Bolívar,Pantheon職業: Politician / 出生国: Venezuela / 出生地: Caracas,,CE,1783,,false,,CE,1830,,false,,,,
グリエルモ・マルコーニ,Guglielmo Marconi,Pantheon職業: Inventor / 出生国: Italy / 出生地: Bologna,,CE,1874,,false,,CE,1937,,false,,,,
クラウディオ・モンテヴェルディ,Claudio Monteverdi,Pantheon職業: Composer / 出生国: Italy / 出生地: Cremona,,CE,1567,,false,,CE,1643,,false,,,,
ホルヘ・ルイス・ボルヘス,Jorge Luis Borges,Pantheon職業: Writer / 出生国: Argentina / 出生地: Buenos Aires,,CE,1899,,false,,CE,1986,,false,,,,
アブー・ハニーファ,Abū Ḥanīfa,Pantheon職業: Religious Figure / 出生国: Iraq / 出生地: Kufa,,CE,698,,false,,CE,767,,false,,,,
フィリップ4世,Philip IV of France,Pantheon職業: Politician / 出生国: France / 出生地: Palace of Fontainebleau,,CE,1268,,false,,CE,1314,,false,,,,
ウィリアム・トムソン,"William Thomson, 1st Baron Kelvin",Pantheon職業: Physicist / 出生国: United Kingdom / 出生地: Belfast,,CE,1824,,false,,CE,1907,,false,,,,
ピピン3世,Pepin the Short,Pantheon職業: Politician / 出生国: Belgium / 出生地: Liège,,CE,715,,false,,CE,768,,false,,,,
アレクサンダー・フォン・フンボルト,Alexander von Humboldt,Pantheon職業: Geographer / 出生国: Germany / 出生地: Berlin,,CE,1769,,false,,CE,1859,,false,,,,
イザヤ,Isaiah,Pantheon職業: Religious Figure / 出生国: Israel / 出生地: Jerusalem,,BCE,800,,false,,BCE,700,,false,,,,
プロタゴラス,Protagoras,"Pantheon職業: Philosopher / 出生国: Greece / 出生地: Abdera, Thrace",,BCE,486,,false,,BCE,420,,false,,,,
シュテファン・ツヴァイク,Stefan Zweig,Pantheon職業: Writer / 出生国: Austria / 出生地: Austria-Hungary,,CE,1881,,false,,CE,1942,,false,,,,
トーマス・マン,Thomas Mann,Pantheon職業: Writer / 出生国: Germany / 出生地: Free City of Lübeck,,CE,1875,,false,,CE,1955,,false,,,,
インノケンティウス3世,Innocent III,Pantheon職業: Religious Figure / 出生国: Italy / 出生地: Rome,,CE,1160,,false,,CE,1216,,false,,,,
アンリ・デュナン,Henry Dunant,Pantheon職業: Social Activist / 出生国: Switzerland / 出生地: Geneva,,CE,1828,,false,,CE,1910,,false,,,,
